"X","X.1","X.2","X.3","X.4","X.5","X.6","X.7","X.8","X.9","X.10","","X.11","X.12","X.13","X.14","X.15","X.16","X.17","Normalized.abundance","X.18","X.19","X.20","X.21","X.22","X.23","X.24","X.25","Raw.abundance","X.26","X.27","X.28","X.29","X.30","X.31","X.32","X.33","Spectral.counts","X.34","X.35","X.36","X.37","X.38","X.39","X.40","X.41"
"","","","","","","","","","","","","","","","","","","","A","","","B","","","C","","","A","","","B","","","C","","","A","","","B","","","C","",""
"#","Retention time (min)","Charge","m/z","Measured mass","Mass error (u)","Mass error (ppm)","Score","Sequence","Modifications","Accession","","Description","Use in quantitation","Max fold change","Highest mean condition","Lowest mean condition","Anova","Maximum CV","001_PH003_G23","002_PH003_G23","003_PH003_G23","004_PH003_G23","005_PH003_G23","006_PH003_G23","007_PH003_G23","008_PH003_G23","009_PH003_G23","001_PH003_G23","002_PH003_G23","003_PH003_G23","004_PH003_G23","005_PH003_G23","006_PH003_G23","007_PH003_G23","008_PH003_G23","009_PH003_G23","001_PH003_G23","002_PH003_G23","003_PH003_G23","004_PH003_G23","005_PH003_G23","006_PH003_G23","007_PH003_G23","008_PH003_G23","009_PH003_G23"
"9","30.2709666666667","3","539.238352781753","1614.69322894462","0.00162894461959695","1.00882708474916","17.68","TRPRSPSPVSSER","[5] Phospho (ST)|[7] Phospho (ST)","sp|A2ASS6|TITIN_MOUSE","","Titin OS=Mus musculus OX=10090 GN=Ttn PE=1 SV=1","True","1.82682107921594","B","C","0.158086341766459","45.3762778317429","132197008.950815","100981888.150489","88960395.5038913","65236346.00292","170717471.048238","113208940.833395","60443395.398497","82526937.5260643","48161005.4736207","81985418.0697489","90011171.5186914","95119791.3713006","65236346.00292","116962662.680031","122974907.009967","68852377.1004878","89375349.881581","63401484.9094174","0","0","0","0","0","1","1","0","0"
"25","30.2887666666667","2","808.353022608394","1614.69149228303","-0.000107716971797345","-0.0667105543853357","30.32","TRPRSPSPVSSER","[5] Phospho (ST)|[7] Phospho (ST)","sp|A2ASS6|TITIN_MOUSE","","Titin OS=Mus musculus OX=10090 GN=Ttn PE=1 SV=1","True","1.58582584249518","A","C","0.0508459687852173","22.4732950469786","81289738.2735526","101780325.871654","75333628.004139","65074176.5668993","94050675.6907965","74643495.4709121","51115984.5133358","67802742.8365903","44027092.5660657","50413948.3187347","90722866.615536","80549540.4826907","65074176.5668993","64436389.4808596","81082614.5608327","58227321.9161743","73429283.1602681","57959401.334797","0","0","0","0","0","1","1","0","0"
"16","24.5371166666667","2","446.717778818035","891.421004702309","-0.00049529769057699","-0.555626816917687","30.39","VKSPEPR","[3] Phospho (ST)","sp|A2ASS6|TITIN_MOUSE","","Titin OS=Mus musculus OX=10090 GN=Ttn PE=1 SV=1","False","1.96836880065521","A","C","0.256420011280571","59.9651013487957","26737987.3858938","12188183.6202797","8783447.20229129","10897646.7175288","16942574.3174095","10120520.0593313","8053260.79880102","10622794.6415917","5562094.54074073","16582259.2475733","10864054.0045298","9391591.17571859","10897646.7175288","11607766.8714914","10993566.4447241","9173643.30299372","11504316.2423493","7322211.18769376","0","0","0","0","0","1","0","1","0"
"17","32.4126666666667","2","533.242345407626","1064.47013788149","0.000937881492745873","0.881079032390861","47.34","YSSPPAHVK","[3] Phospho (ST)","sp|A2ASS6|TITIN_MOUSE","","Titin OS=Mus musculus OX=10090 GN=Ttn PE=1 SV=1","False","1.6967638156526","A","C","0.0197454100284518","22.7407464444928","122164296.048341","168793959.055548","111417381.80518","101938348.542241","136375671.835891","112785777.910675","71748447.7112891","88148178.8134533","77246358.9616071","75763369.8690285","150456109.289874","119131643.383731","101938348.542241","93434266.5971007","122515239.949322","81730206.3463356","95463064.0497035","101690855.783613","0","1","0","1","0","0","0","0","0"
"1982","32.3336166666667","1","1065.47611801499","1064.46884154811","-0.000358451893362144","-0.336742381425544","---","YSSPPAHVK","[3] Phospho (ST)","sp|A2ASS6|TITIN_MOUSE","","Titin OS=Mus musculus OX=10090 GN=Ttn PE=1 SV=1","False","1.97862056959496","A","C","0.0653752634509153","38.8928446399309","1329481.30572459","2684725.32300486","1567397.85017548","1278349.04386899","1858108.30876734","1187960.37371393","787095.51313574","999661.368258515","1034200.59002612","824512.457057939","2393055.58606149","1675920.56734949","1278349.04386899","1273034.88041894","1290439.74277606","896597.497993495","1082617.23056168","1361471.84754617","0","0","0","0","0","0","0","0","0"
"10696","33.96775","2","533.242458827151","1064.47036472054","0.00116472054241967","1.09417965538098","17.88","YSSPPAHVK","[3] Phospho (ST)","sp|A2ASS6|TITIN_MOUSE","","Titin OS=Mus musculus OX=10090 GN=Ttn PE=1 SV=1","False","1.85176133159072","B","C","0.0239787252176309","23.5082527296121","118071.793900739","160380.62445634","120041.174858132","157473.917815381","194223.372664651","120258.202491281","90816.7562544163","95798.4462278287","68253.2219306831","73225.2980761385","142956.803052652","128352.526355078","157473.917815381","133067.123605262","130632.273031465","103451.32842798","103748.180974484","89851.8537497633","0","0","1","0","0","1","0","0","0"
"29752","124.284433333333","2","533.242125774557","1064.46969861535","0.000498615353308196","0.468416891074158","14.04","YSSPPAHVK","[3] Phospho (ST)","sp|A2ASS6|TITIN_MOUSE","","Titin OS=Mus musculus OX=10090 GN=Ttn PE=1 SV=1","False","Infinity","B","A","0.138528733256106","172.409730941092","0","0","0","57.846761450008","18823.7385515805","0","0","0","0","0","0","0","57.846761450008","12896.5979232641","0","0","0","0","0","0","0","0","1","0","0","0","0"
"21","28.953","2","680.319889242092","1358.62522555042","0.000425550424779431","0.313221446259063","---","VKSPETVKSPK","[3] Phospho (ST)|[9] Phospho (ST)","sp|A2ASS6|TITIN_MOUSE","","Titin OS=Mus musculus OX=10090 GN=Ttn PE=1 SV=1","False","1.34194620794262","B","C","0.659284523397046","48.9777850829659","37573098.4019421","78338185.7459969","34324458.911608","45714017.6474015","83207111.6423761","45069260.0897719","47607100.2228702","46499658.31591","35548505.0997668","23301935.5362658","69827490.8777479","36700998.8221345","45714017.6474015","57007201.851397","48957158.5755246","54230276.0391798","50358384.2553938","46797777.3194478","0","0","0","0","0","0","0","0","0"
"23","28.953","3","453.882435925647","1358.6254783763","0.000678376300356831","0.499310994732932","37.62","VKSPETVKSPK","[3] Phospho (ST)|[9] Phospho (ST)","sp|A2ASS6|TITIN_MOUSE","","Titin OS=Mus musculus OX=10090 GN=Ttn PE=1 SV=1","False","1.78715248490993","B","C","0.399268731551004","60.0775809002475","25378522.2911132","29678070.4078832","15571612.1808748","18091870.0636257","56079137.9454882","25955503.5219315","19678907.6978831","21019227.2299548","15327588.8850305","15739151.5628277","26453831.8183035","16649751.7639164","18091870.0636257","38421171.8615004","28194554.3214978","22416668.7659978","22763486.0111506","20177981.8721662","1","0","1","0","0","0","0","0","0"
"24","28.7139166666667","3","514.599720800475","1540.77733300079","0.00103300078512802","0.670441767002792","31.9","RVKSPEPVTSHPK","[4] Phospho (ST)","sp|A2ASS6|TITIN_MOUSE","","Titin OS=Mus musculus OX=10090 GN=Ttn PE=1 SV=1","False","2.00151851392971","A","C","0.259039805206792","51.202653976324","20795256.3119274","47134782.8487512","22820698.8241159","22020036.635774","36399543.9893988","12385825.2467484","19209649.2596872","12054707.2876308","14076587.0178844","12896719.7982163","42014039.3609255","24400747.0830347","22020036.635774","24938206.7295036","13454288.1220144","21882126.3444273","13055054.6748663","18531102.3018267","0","1","0","0","1","0","0","0","0"
"38","28.7139166666667","4","386.201652547152","1540.77750432109","0.00120432108974455","0.781632667730256","43.03","RVKSPEPVTSHPK","[4] Phospho (ST)","sp|A2ASS6|TITIN_MOUSE","","Titin OS=Mus musculus OX=10090 GN=Ttn PE=1 SV=1","False","2.04762016424448","A","C","0.257487791056422","60.3015599492867","10990833.7268801","20969101.1351439","9063629.31276291","10411725.6954271","20136171.0827448","5819512.63227837","8134511.02519059","5714925.70348601","6185316.24511214","6816251.7834925","18691008.7881842","9691172.39658744","10411725.6954271","13795777.1489773","6321532.7299189","9266197.19064336","6189172.88836734","8142650.48492912","1","0","0","0","0","0","0","1","0"
"426","28.7598333333333","2","771.395413245502","1540.77627355724","-2.64427560523472E-05","-0.0171619696203448","54.06","RVKSPEPVTSHPK","[4] Phospho (ST)","sp|A2ASS6|TITIN_MOUSE","","Titin OS=Mus musculus OX=10090 GN=Ttn PE=1 SV=1","False","2.490886792234","A","C","0.183302328413321","54.05647705068","1034752.28015961","3625670.71545798","2569986.07655356","1526023.40188701","1251312.34534883","510004.908117687","1125822.23772644","739723.928703967","1037198.78958841","641728.575864191","3231776.25826364","2747925.50150284","1526023.40188701","857304.31020173","554000.46753108","1282448.42548973","801109.15206098","1365418.82295573","0","0","0","1","0","0","0","1","0"
"21107","29.8845166666667","3","514.599046903345","1540.7753113094","-0.00098869060366269","-0.641683418717363","13.83","RVKSPEPVTSHPK","[4] Phospho (ST)","sp|A2ASS6|TITIN_MOUSE","","Titin OS=Mus musculus OX=10090 GN=Ttn PE=1 SV=1","False","5.29460994360945","A","C","0.0308411163878686","83.1336175467215","22427.0760484659","20379.991484723","28490.3468042482","38166.32900541","16608.1912992578","5369.73338047642","3910.03882764572","4659.66243850333","4896.33591067687","13908.7353073142","18165.9002686413","30462.9473460192","38166.32900541","11378.6729895479","5832.95328329412","4454.00967407114","5046.33969532393","6445.7742171154","1","0","0","0","0","0","0","0","0"
"22417","29.7852833333333","4","386.201112836368","1540.77534547795","-0.000954522049141815","-0.619507224469779","24.52","RVKSPEPVTSHPK","[4] Phospho (ST)","sp|A2ASS6|TITIN_MOUSE","","Titin OS=Mus musculus OX=10090 GN=Ttn PE=1 SV=1","False","4.65489223825552","A","C","0.0216581970287324","58.9299623885371","25085.3438810151","13900.226368957","13861.9888408015","23714.4189211406","19832.160196567","6640.08194909638","2050.1808236391","6300.07938932876","3002.86170389502","15557.3293362003","12390.0996778774","14821.7583685389","23714.4189211406","13587.4919482141","7212.88843635052","2335.40525416774","6822.88494620513","3953.11287902508","0","1","0","1","0","0","0","0","0"
"30","58.4591833333333","2","649.291460356635","1296.56836777951","0.00116777951075164","0.900670255079446","60.59","IELSPSMEAPK","[6] Phospho (ST)|[7] Oxidation (M)","sp|A2ASS6|TITIN_MOUSE","","Titin OS=Mus musculus OX=10090 GN=Ttn PE=1 SV=1","False","8.64686625446025","A","C","0.202824792067189","171.775974395197","102878453.269028","123990666.45434","82070730.2959733","70799198.6718476","93846602.3145014","102205.75859337","72352.5438453452","124195.967565773","35531984.9165211","63802752.1845714","110520266.05312","87753102.9310878","70799198.6718476","64296573.8818643","111022.535555735","82418.3452993636","134502.241181151","46776029.3484814","0","0","1","1","1","0","0","0","0"
"34","58.89775","2","649.291576404562","1296.56859987536","0.00139987536476838","1.07967821858241","52.15","IELSPSMEAPK","[6] Phospho (ST)|[7] Oxidation (M)","sp|A2ASS6|TITIN_MOUSE","","Titin OS=Mus musculus OX=10090 GN=Ttn PE=1 SV=1","False","1.28735832741906","C","B","0.915990934698585","57.5896607078394","137383752.253281","103413047.230594","68735814.0739639","75169337.0462228","64005370.8862882","136628386.232573","124862534.518441","183022649.497183","47172225.9857395","85202112.0134929","92178208.409727","73494910.3746504","75169337.0462228","43851625.4881019","148414630.224295","142233609.738611","198210594.327439","62099807.6050683","0","0","0","0","0","0","1","0","0"
"1812","58.4591833333333","1","1297.57477264136","1296.56749617448","0.000296174481491107","0.228429719254896","---","IELSPSMEAPK","[6] Phospho (ST)|[7] Oxidation (M)","sp|A2ASS6|TITIN_MOUSE","","Titin OS=Mus musculus OX=10090 GN=Ttn PE=1 SV=1","False","8.84262938269396","A","C","0.360531719889443","172.991945772502","2698862.27290389","3217138.61005345","2206747.62248037","2124821.49909405","2048689.46327611","0","0","753.726258089927","917836.000156868","1673769.72832285","2867627.2600229","2359537.3229907","2124821.49909405","1403606.63239669","0","0","816.273450234919","1208283.85414709","0","0","0","0","0","0","0","0","0"
"1910","58.9130833333333","1","1297.57483400509","1296.56755753821","0.000357538211346764","0.275757563006965","---","IELSPSMEAPK","[6] Phospho (ST)|[7] Oxidation (M)","sp|A2ASS6|TITIN_MOUSE","","Titin OS=Mus musculus OX=10090 GN=Ttn PE=1 SV=1","False","1.18064583123135","C","A","0.97453307125429","59.4533651337745","3100865.24017135","2630157.92507995","1793701.63051703","2134903.94865201","1412938.9296232","4114006.76034267","2983915.56239701","4710570.43881799","1189548.96007204","1923082.33833028","2344416.41418715","1917893.05691293","2134903.94865201","968038.586784748","4468901.44070914","3399042.66104948","5101472.24326875","1565979.98109342","0","0","0","0","0","0","0","0","0"
"15133","124.284433333333","2","649.291002622384","1296.56745231101","0.000252311008125616","0.194599252646231","27.76","IELSPSMEAPK","[6] Phospho (ST)|[7] Oxidation (M)","sp|A2ASS6|TITIN_MOUSE","","Titin OS=Mus musculus OX=10090 GN=Ttn PE=1 SV=1","False","Infinity","B","A","0.155888507285319","173.006767787499","0","0","0","58.5405330658458","76620.1076838768","0","0","0","0","0","0","0","58.5405330658458","52494.2863463853","0","0","0","0","0","0","0","0","1","0","0","0","0"
"33380","117.097183333333","2","649.291058951555","1296.56756496935","0.000364969349902822","0.281488957844084","38.48","IELSPSMEAPK","[6] Phospho (ST)|[7] Oxidation (M)","sp|A2ASS6|TITIN_MOUSE","","Titin OS=Mus musculus OX=10090 GN=Ttn PE=1 SV=1","False","Infinity","B","A","0.625379728660206","173.205080756888","0","0","0","0","17650.4817103154","0","3107.90676768295","0","0","0","0","0","0","12092.7713241508","0","3540.28372084117","0","0","0","0","0","0","1","0","0","0","0"
"93878","116.14885","2","649.291161341314","1296.56776974887","0.000569748868883835","0.439428722926073","12.92","IELSPSMEAPK","[6] Phospho (ST)|[7] Oxidation (M)","sp|A2ASS6|TITIN_MOUSE","","Titin OS=Mus musculus OX=10090 GN=Ttn PE=1 SV=1","False","Infinity","B","A","0.421875","173.205080756888","0","0","0","0","8146.55382188033","0","0","0","0","0","0","0","0","5581.40078354412","0","0","0","0","0","0","0","0","1","0","0","0","0"
"35","34.0321166666667","2","498.255766007806","994.496979081852","0.000879081852303898","0.883947008242564","19.32","SLSRSPIR","[5] Phospho (ST)","sp|A2ASS6|TITIN_MOUSE","","Titin OS=Mus musculus OX=10090 GN=Ttn PE=1 SV=1","False","1.6815062594762","A","C","0.0368793506054778","29.8079427654622","34564490.8817324","34308453.3667658","31357523.8033255","31634278.0277379","41100697.3588151","26879978.1362212","13852663.8348678","25693157.6872647","20061728.2487773","21436069.2257508","30581167.9410753","33528640.52816","31634278.0277379","28159080.4478049","29198778.7130382","15779868.5516652","27825277.7420302","26410232.6833349","1","0","1","0","0","0","0","0","0"
"4778","34.0381166666667","1","995.503273900563","994.495997433683","-0.00010256631651373","-0.103133955491359","---","SLSRSPIR","[5] Phospho (ST)","sp|A2ASS6|TITIN_MOUSE","","Titin OS=Mus musculus OX=10090 GN=Ttn PE=1 SV=1","False","1.65721435585802","A","C","0.104632837366899","38.808955218311","248071.334168659","241217.714753123","303101.834477428","244404.454986579","335919.45363146","211618.353590909","89757.6663959066","207989.655993911","180398.960013674","153847.898710817","215011.716394461","324087.849390129","244404.454986579","230146.530999484","229873.60506042","102244.896296882","225249.461975183","237485.945912119","0","0","0","0","0","0","0","0","0"
"11511","41.9555333333333","2","498.255344027821","994.496135121881","3.51218812966181E-05","0.0353162584515093","14.52","SLSRSPIR","[5] Phospho (ST)","sp|A2ASS6|TITIN_MOUSE","","Titin OS=Mus musculus OX=10090 GN=Ttn PE=1 SV=1","False","3.77919155514773","A","C","0.088178912590137","73.250152115988","73918.5092302096","57133.0628737981","44405.4081311893","56612.4760833579","90379.8445253436","24045.9958913052","23282.2184856598","2473.09954642439","20671.8020741201","45842.4886495436","50926.1018575707","47479.9278181202","56612.4760833579","61921.414389418","26120.3230674781","26521.2779054179","2678.32714843987","27213.3634745366","0","0","0","0","1","0","0","0","0"
"26070","41.8968333333333","2","498.255233093338","994.495913252916","-0.000186747084171657","-0.187780609870322","21.02","SLSRSPIR","[5] Phospho (ST)","sp|A2ASS6|TITIN_MOUSE","","Titin OS=Mus musculus OX=10090 GN=Ttn PE=1 SV=1","False","22.0752936457216","B","A","0.43482031567246","160.26354770378","983.969206878573","779.055667876955","2210.27283282681","3823.48178095793","83310.1643715663","578.067484228426","17596.4217744702","1255.83258998828","15924.706962268","610.234130363069","694.418718328765","2363.30661010768","3823.48178095793","57077.805765153","627.934459903596","20044.4640749812","1360.04655555583","20964.0570878061","0","0","0","0","0","0","0","0","1"
"83518","42.7819833333333","2","498.25516132956","994.49576972536","-0.000330274640418793","-0.332102499365048","27.19","SLSRSPIR","[5] Phospho (ST)","sp|A2ASS6|TITIN_MOUSE","","Titin OS=Mus musculus OX=10090 GN=Ttn PE=1 SV=1","False","9.69659345381018","C","A","0.573352428409441","161.3759715358","421.081438380051","602.296041380821","976.305964572603","244.085740622593","1535.87368028433","237.826006186493","441.26262224165","18507.2802573883","441.574516386592","261.144620751928","536.862335203774","1043.90295410321","244.085740622593","1052.26415365229","258.342060088494","502.65178298848","20043.0877231831","581.310123444211","0","0","0","0","0","0","0","1","0"
"39","29.6317833333333","3","462.565862111429","1384.67575693365","0.000556933646521429","0.402212480241886","38.04","VKSPEPVTSHPK","[3] Phospho (ST)","sp|A2ASS6|TITIN_MOUSE","","Titin OS=Mus musculus OX=10090 GN=Ttn PE=1 SV=1","False","1.54782285758422","B","C","0.339286671884059","39.2086499706762","19333811.6893825","10399830.0276001","14291819.3601225","14735118.7268791","25233386.3842038","12382805.9779359","13485961.7406498","8436823.59831145","11899761.4935144","11990366.8533497","9269987.93075172","15281349.2807786","14735118.7268791","17288002.4628327","13451008.3960606","15362150.2764397","9136944.65822287","15665423.5379277","1","0","0","0","0","0","0","1","0"
"150","29.6317833333333","2","693.344905383877","1384.67525783399","5.7833995015244E-05","0.0417671920572016","50.18","VKSPEPVTSHPK","[3] Phospho (ST)","sp|A2ASS6|TITIN_MOUSE","","Titin OS=Mus musculus OX=10090 GN=Ttn PE=1 SV=1","False","1.11840289291657","B","C","0.856213090906445","31.6870353586063","3722437.74386492","3512603.12039016","6039163.46741873","4902594.77961513","5880871.01897845","3675469.49332091","5191106.33476911","2940849.31345782","4796243.46811164","2308566.71487119","3130992.3763294","6457300.08083116","4902594.77961513","4029126.77322399","3992533.76837333","5913301.33877856","3184892.64497775","6314007.66813165","0","0","0","1","0","0","0","1","0"
"45","41.9555333333333","4","696.791711501077","2783.13774013679","0.00404013678962656","1.45165027092538","---","SHPRPAEEYEDDAERRSPTPER","[17] Phospho (ST)|[19] Phospho (ST)","sp|A2ASS6|TITIN_MOUSE","","Titin OS=Mus musculus OX=10090 GN=Ttn PE=1 SV=1","True","4.36858469770285","B","C","0.17778829267031","143.194737431825","204075025.89381","239647915.096318","18863317.4877834","147690616.999052","333353394.973022","99768025.353169","11560674.8287056","117462141.104713","3929175.96241264","126562442.284332","213612460.461079","20169366.5349103","147690616.999052","228388462.235688","108374511.324416","13169014.3744298","127209615.112129","5172557.92393701","0","0","0","0","0","0","0","0","0"
"198","41.9555333333333","3","928.71856225787","2783.13385737297","0.000157372970988945","0.0565452428638067","40.61","SHPRPAEEYEDDAERRSPTPER","[17] Phospho (ST)|[19] Phospho (ST)","sp|A2ASS6|TITIN_MOUSE","","Titin OS=Mus musculus OX=10090 GN=Ttn PE=1 SV=1","True","3.22175447789802","B","C","0.247902789929287","134.514918015602","38542024.7155375","91953615.8837739","5744362.2193081","54916731.7052908","66421271.2615861","26295502.2854408","5104145.45426442","38922948.8891379","1796852.28726672","23902840.4245788","81963734.7119475","6142087.52970153","54916731.7052908","45506817.1854103","28563883.0690178","5814242.32169283","42152929.4515613","2365463.55407784","0","0","0","1","0","0","1","0","1"
"1057","41.9555333333333","5","557.634228004145","2783.13475768633","0.00105768632556646","0.380034320868762","---","SHPRPAEEYEDDAERRSPTPER","[17] Phospho (ST)|[19] Phospho (ST)","sp|A2ASS6|TITIN_MOUSE","","Titin OS=Mus musculus OX=10090 GN=Ttn PE=1 SV=1","True","5.32520276660111","B","C","0.152609969490781","149.471312523557","4284061.45315826","4427121.32805275","343743.425326442","2544907.05569732","7869497.78059555","2097560.34805437","159086.768311287","2133648.93079454","56839.6565633457","2656872.28524479","3946156.92469089","367543.362606534","2544907.05569732","5391582.99804577","2278506.33395988","181219.173596244","2310707.57537799","74826.4823879414","0","0","0","0","0","0","0","0","0"
"51","28.3377666666667","3","505.916136107971","1514.72657892327","0.000678923273881082","0.44821526711934","54.11","VKSPETVKSPKR","[3] Phospho (ST)|[9] Phospho (ST)","sp|A2ASS6|TITIN_MOUSE","","Titin OS=Mus musculus OX=10090 GN=Ttn PE=1 SV=1","False","1.51585404492317","A","C","0.549641110374304","79.5533584060475","20626179.6979235","29051086.7046819","23661706.3883531","10923667.7631748","41123746.533267","12279558.1674901","18225726.4765816","21155554.3694741","9000008.2606244","12791862.5325721","25894963.8996905","25299983.9130736","10923667.7631748","28174871.9939186","13338853.916078","20761318.652313","22911126.1170136","11848047.6540955","0","0","0","1","0","0","0","0","0"
"423","28.3377666666667","2","758.370238585931","1514.7259242381","2.42381015596038E-05","0.0160016419865824","25.27","VKSPETVKSPKR","[3] Phospho (ST)|[9] Phospho (ST)","sp|A2ASS6|TITIN_MOUSE","","Titin OS=Mus musculus OX=10090 GN=Ttn PE=1 SV=1","False","1.67822157145871","A","B","0.505527060831925","53.7170602164123","1754590.24625688","4589000.92316705","4811337.80476472","1634158.98791561","3584747.66957741","1427968.32248519","3060613.53435505","3236312.82077318","1373742.79712968","1088154.83816276","4090449.84957158","5144462.83218303","1634158.98791561","2455997.20927999","1551151.97066656","3486410.97736066","3504874.88514277","1808461.68731556","0","0","0","1","0","0","0","0","1"
"812","28.3377666666667","4","379.68885199452","1514.72630211056","0.000402110561481095","0.265467542002877","53.63","VKSPETVKSPKR","[3] Phospho (ST)|[9] Phospho (ST)","sp|A2ASS6|TITIN_MOUSE","","Titin OS=Mus musculus OX=10090 GN=Ttn PE=1 SV=1","False","1.55268506278141","B","C","0.665747019703404","97.6352653512647","509158.405406732","484018.363605929","465147.838511802","151470.253503589","1060408.64656298","291705.743230188","368039.689944717","432916.426912681","167420.973473661","315767.845750041","431434.396233545","497353.514509933","151470.253503589","726511.57534948","316869.73117077","419241.959406046","468841.547798678","220401.094595592","1","0","0","0","0","0","0","1","0"
"52","46.0745","2","577.766293668567","1153.51803440337","0.00113440337440807","0.983430216243963","38.66","TASPHFTVSK","[3] Phospho (ST)","sp|A2ASS6|TITIN_MOUSE","","Titin OS=Mus musculus OX=10090 GN=Ttn PE=1 SV=1","False","1.92781636839026","B","C","0.0699103710593381","35.3539114834537","28646285.5432983","26576564.1652007","24441711.5790651","21796884.1403898","42304630.4094541","26729933.7249354","18850781.4366397","18639442.8589025","9626010.30237443","17765740.050038","23689274.5745298","26133994.7174187","21796884.1403898","28983924.0588694","29035790.7247274","21473332.2566896","20186217.701172","12672147.1223887","0","1","0","0","0","0","0","0","1"
"783","46.0745","3","385.513012061211","1153.51720678299","0.000306782993447996","0.265954485320498","25.25","TASPHFTVSK","[3] Phospho (ST)","sp|A2ASS6|TITIN_MOUSE","","Titin OS=Mus musculus OX=10090 GN=Ttn PE=1 SV=1","False","2.52630594429028","B","C","0.17004588430382","61.0433485977555","637684.396174801","465873.29675244","545047.782580938","313706.831882989","1243407.56940328","731337.04306378","372497.593237767","372034.35676989","161316.943520933","395476.58628493","415260.617403686","582785.531391","313706.831882989","851888.557280821","794425.813028917","424320.053324943","402907.242181093","212365.453330865","0","0","1","0","0","0","0","0","1"
"34240","42.28245","2","577.765780629979","1153.5170083262","0.000108326197278075","0.0939095016970056","16.49","TASPHFTVSK","[3] Phospho (ST)","sp|A2ASS6|TITIN_MOUSE","","Titin OS=Mus musculus OX=10090 GN=Ttn PE=1 SV=1","False","5.0270581121115","A","C","0.248529842270449","87.2229876948064","36884.3663954467","28374.9623348666","32338.5842126325","20850.404488973","36254.8023466976","22615.641374963","9035.1891260082","0","10379.3294187062","22874.8004449451","25292.2939780436","34577.6271128907","20850.404488973","24839.040734207","24566.579058007","10292.1790673198","0","13663.8529664921","0","0","0","1","0","0","0","0","0"
"57","30.9033666666667","2","684.326150845768","1366.63774875778","-0.000351242224724047","-0.257011878070754","59.18","AVSPTETKPTEK","[3] Phospho (ST)","sp|A2ASS6|TITIN_MOUSE","","Titin OS=Mus musculus OX=10090 GN=Ttn PE=1 SV=1","False","1.3289046896472","B","A","0.279166401573202","32.2437518120018","18891745.6805173","22968380.4798169","17310539.174859","24630514.7147015","28939523.7491594","25062136.1896221","21985887.5323374","33767397.9890623","18539837.6029756","11716208.1046845","20473085.5477211","18509077.7251017","24630514.7147015","19827166.6842889","27224120.6807647","25044599.319499","36569550.5047655","24406741.9782575","1","0","0","0","0","0","0","0","1"
"162","30.8578166666667","3","456.553088235136","1366.63743530477","-0.000664695232217127","-0.486372531409103","65.17","AVSPTETKPTEK","[3] Phospho (ST)","sp|A2ASS6|TITIN_MOUSE","","Titin OS=Mus musculus OX=10090 GN=Ttn PE=1 SV=1","False","1.59746128792272","B","A","0.373883932454162","42.5203969512322","2881462.43560197","2593335.3127767","2209062.64148676","2349624.41220775","5829108.27534641","4095936.82705859","2620504.90218765","4132029.08745333","2118868.46138017","1787013.97490014","2311594.22663946","2362012.62813814","2349624.41220775","3993662.86735863","4449272.70512582","2985073.7293886","4474921.23763075","2789381.27346235","1","0","1","0","0","0","0","0","0"
"59","29.2539","3","427.226994935618","1278.65915540621","0.000755406213556853","0.590780315959957","72.07","VKSPETVKSPK","[3] Phospho (ST)","sp|A2ASS6|TITIN_MOUSE","","Titin OS=Mus musculus OX=10090 GN=Ttn PE=1 SV=1","False","1.85436162651287","B","C","0.054906047064971","32.1954099259017","9170929.79769809","10019538.8983738","8761074.03828464","8319712.71189158","15896542.9843594","11331171.8465817","7294493.61646873","7184851.84960097","4690285.22224407","5687590.96381933","8931011.7966472","9367668.94964737","8319712.71189158","10891105.5408786","12308655.0752031","8309315.21842824","7781079.33185578","6174519.09100715","0","0","0","1","0","0","1","0","0"
"236","29.2891166666667","2","640.33671780408","1278.6588826744","0.000482674399108873","0.37748502579647","42.96","VKSPETVKSPK","[3] Phospho (ST)","sp|A2ASS6|TITIN_MOUSE","","Titin OS=Mus musculus OX=10090 GN=Ttn PE=1 SV=1","False","1.31434950007093","B","C","0.45898993045766","35.4843973325712","1864851.5826282","3877874.79016422","3718750.37219853","2907589.99207142","3344350.76078766","3337119.75251101","3005074.34786852","2470151.20881232","1820444.66258169","1156536.2775847","3456580.77164593","3976227.37131377","2907589.99207142","2291295.48086607","3624996.29645071","3423145.09054848","2675134.14608759","2396521.70190511","1","0","1","0","0","0","0","0","0"
"60","76.80785","3","675.616250089778","2023.82692086869","0.00392086869464947","1.937357513305","31.24","RRTPSPDYDLYYYR","[3] Phospho (ST)|[5] Phospho (ST)","sp|A2ASS6|TITIN_MOUSE","","Titin OS=Mus musculus OX=10090 GN=Ttn PE=1 SV=1","False","1.74854568892545","B","C","0.254249248634923","58.8009877531381","38857900.7576497","25504639.1348662","25815069.5742681","30530476.992754","43926198.5084954","30715787.1684226","24377206.6829957","29063372.0933373","6707956.85289876","24098739.178842","22733803.9497695","27602440.5942819","30530476.992754","30094899.5285521","33365483.7062167","27768602.6095729","31475165.8967136","8830679.94531448","1","1","0","0","0","0","0","0","0"
"108","76.80785","2","1012.91892897549","2023.82330501722","0.000305017214941472","0.150713384985481","26.29","RRTPSPDYDLYYYR","[3] Phospho (ST)|[5] Phospho (ST)","sp|A2ASS6|TITIN_MOUSE","","Titin OS=Mus musculus OX=10090 GN=Ttn PE=1 SV=1","False","1.47134987139441","A","C","0.414050258067941","56.5141038960526","36414264.4827476","25533843.5006428","23345565.762214","30775029.5900423","21790194.5570857","22679858.2779099","24169464.1438768","26981745.2677826","6818465.51329292","22583254.5003438","22759835.5404355","24961954.4986133","30775029.5900423","14928988.5801584","24636335.6303256","27531958.5966262","29220797.4270479","8976158.90895818","0","1","0","1","0","0","0","0","0"
"61","45.6176333333333","3","560.934517801129","1679.78172400275","0.0020240027483851","1.20492154321492","---","AVTSPPRVKSPEPR","[4] Phospho (ST)|[10] Phospho (ST)","sp|A2ASS6|TITIN_MOUSE","","Titin OS=Mus musculus OX=10090 GN=Ttn PE=1 SV=1","True","1.55174429424683","A","C","0.208153381323414","44.9543865103575","76289137.8637232","82598002.3098609","66113290.3899804","56684496.9064306","112218741.818668","52840853.7008535","41943855.2998981","65715930.5105694","37338608.1889595","47312695.7378072","73624519.101232","70690809.6928376","56684496.9064306","76883770.3904697","57399168.4963531","47779151.4377548","71169298.8767556","49154355.9016354","0","0","0","0","0","0","0","0","0"
"117","45.6176333333333","2","840.897053006803","1679.77955307985","-0.000146920154520558","-0.0874639421589378","19.03","AVTSPPRVKSPEPR","[4] Phospho (ST)|[10] Phospho (ST)","sp|A2ASS6|TITIN_MOUSE","","Titin OS=Mus musculus OX=10090 GN=Ttn PE=1 SV=1","True","1.3441156829847","A","C","0.365582828079865","24.3047363502049","51106050.8569324","79852889.7677686","59042837.1132288","56450447.5305837","63029752.9079199","38339793.514268","44430577.185129","58699208.759726","38228417.1794609","31694748.4565129","71177636.7900581","63130815.8688924","56450447.5305837","43183206.0474447","41647174.7504206","50611830.0432027","63570301.7456036","50325743.640092","1","0","0","0","0","1","0","0","0"
"84","33.3058666666667","2","404.191846589209","806.369140244659","0.000340244658673328","0.421946705618233","46.37","AVTSPPR","[4] Phospho (ST)","sp|A2ASS6|TITIN_MOUSE","","Titin OS=Mus musculus OX=10090 GN=Ttn PE=1 SV=1","False","1.29494158103758","B","C","0.637812237590228","43.9857479562146","11573641.612384","12278010.594921","10849317.6578042","9511873.00166785","22021647.3911791","12750156.566299","11649901.6670074","14195466.2539888","8352064.30885261","7177695.27246854","10944122.1372369","11600497.3481279","9511873.00166785","15087562.5069755","13850048.4728554","13270654.5929804","15373462.3047381","10995062.7905857","0","0","0","1","0","0","0","1","0"
"210","33.3369","1","807.376154157133","806.368877690253","7.76902535335466E-05","0.0963458079399236","---","AVTSPPR","[4] Phospho (ST)","sp|A2ASS6|TITIN_MOUSE","","Titin OS=Mus musculus OX=10090 GN=Ttn PE=1 SV=1","False","1.17729801939623","C","A","0.676712258048765","23.8455192014087","8499140.05487979","13791609.7275472","11014953.2863122","11604107.9709003","13820443.3225037","10642748.9889972","14868278.6686862","14824712.5152685","9517747.07347092","5270963.05856605","12293283.196043","11777601.1743654","11604107.9709003","9468719.51940838","11560845.438687","16936777.3432029","16054925.914675","12529624.1537324","0","0","0","0","0","0","0","0","0"
"146","37.03235","2","604.28993161751","1206.56531030126","0.000810301260571578","0.671577243132528","52.68","KTPSPIEAER","[4] Phospho (ST)","sp|A2ASS6|TITIN_MOUSE","","Titin OS=Mus musculus OX=10090 GN=Ttn PE=1 SV=1","False","1.51296895540361","C","B","0.203366830707124","25.7054554668162","4733915.67372521","7095843.37031027","4590303.00064559","3467182.16824427","5673969.18416022","4472196.52174485","5080642.22696065","7213582.49414237","8302347.99159466","2935861.09623479","6324947.83344645","4908124.12961187","3467182.16824427","3887373.32897992","4857990.43205637","5787469.28786955","7812194.15914959","10929613.8177625","0","0","0","1","1","0","0","0","0"
"907","37.03235","3","403.19561669471","1206.56502068349","0.000520683490776719","0.431542193373598","35.43","KTPSPIEAER","[4] Phospho (ST)","sp|A2ASS6|TITIN_MOUSE","","Titin OS=Mus musculus OX=10090 GN=Ttn PE=1 SV=1","False","1.19684423264647","C","A","0.712926549357389","53.1293879608718","410122.24641665","426235.71901822","295027.021140369","184376.105076065","593136.965836385","377159.083038606","353269.573726928","512413.076561786","488408.94579666","254347.992432142","379929.283504449","315453.95612074","184376.105076065","406372.461073862","409694.700994457","402417.001030684","554935.144505308","642965.239243444","0","0","1","1","0","0","0","0","0"
"235","29.70895","3","512.582406132716","1534.72538899751","8.89975087829953E-05","0.05798921069653","31.8","TRPRSPSPVSSER","[5] Phospho (ST)","sp|A2ASS6|TITIN_MOUSE","","Titin OS=Mus musculus OX=10090 GN=Ttn PE=1 SV=1","False","1.32580484392468","B","A","0.0574981497222402","19.2525927619019","1594507.14860684","1581400.56727429","1800275.83096382","1936455.22451476","1973417.12168635","2687575.90446424","1633007.33280772","1694869.89577522","1805722.5052653","988875.135914559","1409596.515848","1924922.43859891","1936455.22451476","1352035.7331534","2919419.56616401","1860193.92102408","1835516.91701667","2377140.73953212","0","0","0","1","0","0","0","0","1"
"2072","29.70895","2","768.369445127221","1534.72433732068","-0.000962679318263326","-0.627264904190559","19.96","TRPRSPSPVSSER","[5] Phospho (ST)","sp|A2ASS6|TITIN_MOUSE","","Titin OS=Mus musculus OX=10090 GN=Ttn PE=1 SV=1","False","1.17397612553386","B","A","0.764947807039677","50.9579771809418","133871.910203147","271938.994054758","411541.242608005","365485.737994378","184945.094635052","409121.073944992","288417.141595564","285335.595322222","370300.780434442","83024.1517028915","242395.422434618","440035.33163077","365485.737994378","126710.351232967","444413.892169918","328542.194965381","309013.873894674","487481.918447885","1","0","0","0","1","0","0","0","0"
"253","42.48325","2","646.324268515149","1290.63398409654","0.000684096537952428","0.530047177577417","47.47","SRSPTPPSIAAK","[3] Phospho (ST)","sp|A2ASS6|TITIN_MOUSE","","Titin OS=Mus musculus OX=10090 GN=Ttn PE=1 SV=1","False","2.19474788030965","B","C","0.0797972796399752","38.861138177712","7626217.51484777","8624847.02298996","7450028.99518408","6277488.99125809","14583434.9582235","12501255.7395416","5619795.32843214","6367309.24378836","3213812.12000397","4729597.41077246","7687839.85848916","7965850.41824653","6277488.99125809","9991463.51724542","13579676.2231031","6401630.22989921","6895693.80044036","4230818.24443512","0","0","0","1","1","0","0","0","0"
"427","42.48325","3","431.218399535426","1290.63336920564","6.92056387379125E-05","0.0536214575727378","32","SRSPTPPSIAAK","[3] Phospho (ST)","sp|A2ASS6|TITIN_MOUSE","","Titin OS=Mus musculus OX=10090 GN=Ttn PE=1 SV=1","False","2.89801103186281","B","C","0.119946930251814","56.3357382451224","2374509.03149299","2074527.81771339","1968511.03471512","1417265.13433446","5483933.43142491","4121415.16429413","1334078.75272751","1724500.18998383","744930.984912462","1472613.61813245","1849150.20545288","2104805.82818469","1417265.13433446","3757175.24493002","4476948.93042432","1519677.91946425","1867606.05047267","980663.300818213","1","0","0","0","1","0","0","0","0"
"14686","39.8241333333333","2","646.324196943698","1290.63384095364","0.000540953635209007","0.419138135680373","30.92","SRSPTPPSIAAK","[3] Phospho (ST)","sp|A2ASS6|TITIN_MOUSE","","Titin OS=Mus musculus OX=10090 GN=Ttn PE=1 SV=1","False","3.79513664634637","B","C","0.310055731381967","88.4640382778453","46327.521612561","72940.8578593287","62035.1882514716","60206.7209537428","128825.997770222","58451.1133525308","36529.4100698992","0","28681.3728711451","28731.219092516","65016.5310606219","66330.3499353398","60206.7209537428","88261.8025507149","63493.3970430375","41611.4399399475","0","37757.5511845843","0","0","0","0","1","0","1","0","0"
"29210","39.78575","3","431.21813781637","1290.63258404847","-0.000715951529855374","-0.554728852769702","---","SRSPTPPSIAAK","[3] Phospho (ST)","sp|A2ASS6|TITIN_MOUSE","","Titin OS=Mus musculus OX=10090 GN=Ttn PE=1 SV=1","False","11.8918724801889","B","C","0.171739832676938","87.5374565184019","11977.7689794913","9549.02479858643","12492.1479157308","7689.16238711981","42139.6490218023","15099.8530203235","2497.7391596307","0","2962.18017077017","7428.32538436503","8511.61455508631","13357.0730749704","7689.16238711981","28870.8913254654","16402.4414270528","2845.22862065795","0","3899.5577345022","0","0","0","0","0","0","0","0","0"
"76028","40.9580166666667","2","646.323611696804","1290.63267045985","-0.000629540151521724","-0.487776157272343","19.39","SRSPTPPSIAAK","[3] Phospho (ST)","sp|A2ASS6|TITIN_MOUSE","","Titin OS=Mus musculus OX=10090 GN=Ttn PE=1 SV=1","False","69.4949117672837","C","B","0.227121601595363","165.620778542929","3110.92247417332","291.982168633801","203.475923731539","334.066831113682","58.6339579385152","331.070553988839","662.944892073771","48830.0087530111","805.471979240377","1929.31959392948","260.261097733983","217.564089107271","334.066831113682","40.1715407441802","359.630346250053","755.174844248417","52882.1164076602","1060.36240386922","0","0","0","0","0","0","0","1","0"
"282","61.8389","2","546.812856783766","1091.61116063377","0.000760633772415531","0.696799675429559","32.64","SVKSPLLIR","[4] Phospho (ST)","sp|A2ASS6|TITIN_MOUSE","","Titin OS=Mus musculus OX=10090 GN=Ttn PE=1 SV=1","False","1.76200296860315","A","C","0.14250570643038","39.6617687822058","4759279.3737258","2241449.2784067","2888934.66653839","2623555.17088926","2696567.96531614","2708908.92702349","2637855.55907533","1659013.49303495","1315870.25360782","2951591.05536811","1997937.2454241","3088957.29622098","2623555.17088926","1847483.84207221","2942592.88132934","3004838.23737323","1796685.00786708","1732275.46240835","0","1","0","1","0","0","0","0","0"
"329","24.61715","2","430.194410245598","858.374267557437","-0.00063244256341477","-0.736790606778891","30.39","HSPSPVR","[4] Phospho (ST)","sp|A2ASS6|TITIN_MOUSE","","Titin OS=Mus musculus OX=10090 GN=Ttn PE=1 SV=1","False","2.92533385554474","A","C","0.381570127056698","103.291535968964","3044958.94974176","645681.75120343","479200.204029467","545971.306074538","872918.075506613","1858869.40391182","326362.64815685","509118.730576688","589942.559485022","1888410.59628425","575534.602476924","512378.830761536","545971.306074538","598057.256740482","2019224.72206626","371766.741002244","551367.420633861","776629.01583522","0","0","1","0","0","0","1","0","0"
"339","42.8775166666667","4","676.799865210402","2703.17035497409","0.00295497409024392","1.09315245894277","---","SHPRPAEEYEDDAERRSPTPER","[17] Phospho (ST)","sp|A2ASS6|TITIN_MOUSE","","Titin OS=Mus musculus OX=10090 GN=Ttn PE=1 SV=1","False","2.66073544211071","A","C","0.0153233958140937","33.300818521261","22137952.9932526","17295542.4884744","10978614.4712756","8912722.71968869","10738747.812106","11614841.5407769","8343910.86274768","4625841.99414151","5976929.7614367","13729428.1146373","15416547.1645654","11738746.3504251","8912722.71968869","7357375.49438262","12616795.5277893","9504729.06803389","5009712.69644815","7868320.40460487","0","0","0","0","0","0","0","0","0"
"731","42.8775166666667","5","541.641204417912","2703.16963975516","0.00223975516109931","0.828566947462932","---","SHPRPAEEYEDDAERRSPTPER","[17] Phospho (ST)","sp|A2ASS6|TITIN_MOUSE","","Titin OS=Mus musculus OX=10090 GN=Ttn PE=1 SV=1","False","3.02969577585039","A","C","0.0151042243577268","41.8426359144249","8119676.93169545","5154764.27611619","3501661.9354285","2811426.23929127","3955055.14649147","3627408.20450657","2385595.13662273","1353254.08494763","1798374.44192811","5035629.11989959","4594748.42364264","3744108.27272248","2811426.23929127","2709703.80558937","3940326.47379736","2717482.94206388","1465552.47227822","2367467.39234585","0","0","0","0","0","0","0","0","0"
"2637","42.9873333333333","3","902.063245517979","2703.1679071533","0.000507153296894103","0.187614461795486","29.79","SHPRPAEEYEDDAERRSPTPER","[17] Phospho (ST)","sp|A2ASS6|TITIN_MOUSE","","Titin OS=Mus musculus OX=10090 GN=Ttn PE=1 SV=1","False","2.09304964680585","A","C","0.0793754834177329","44.856958840969","2455225.85666996","3928026.31036333","2221953.20966278","1898932.9531579","1238563.02618815","1861234.03372212","2038548.55452128","828715.484508911","1244060.02336283","1522672.25947326","3501283.80868796","2375795.70709834","1898932.9531579","848569.443715985","2021793.33660231","2322154.68519235","897485.579867489","1637740.9902883","0","0","0","0","0","1","0","1","0"
"345","27.8571666666667","2","484.246924112114","966.479295290469","0.000595290468936582","0.615937494469958","53.1","VKSPETVK","[3] Phospho (ST)","sp|A2ASS6|TITIN_MOUSE","","Titin OS=Mus musculus OX=10090 GN=Ttn PE=1 SV=1","False","2.23564919367763","B","C","0.44390473563973","87.8514108174773","2495534.65568848","7979827.78145807","4422164.56638257","3360429.12463781","11036194.1590517","2109090.94405309","2727373.94157148","2762424.04276232","1893164.54593277","1547670.81099611","7112895.7903424","4728344.20959233","3360429.12463781","7561163.17076743","2291031.61650623","3106810.56021206","2991660.93816577","2492253.68552043","0","1","0","0","1","0","0","0","0"
"66005","27.7528","1","967.48571905379","966.47844258691","-0.00025741309013938","-0.266341193178267","---","VKSPETVK","[3] Phospho (ST)","sp|A2ASS6|TITIN_MOUSE","","Titin OS=Mus musculus OX=10090 GN=Ttn PE=1 SV=1","False","1.71245099655378","B","A","0.486799902100354","173.205080756888","8512.08735540637","740.949686937505","2639.81305681245","20365.923004165","0","0","6082.52358300795","8321.44673805917","0","5278.99266419004","660.452587876566","2822.58712768708","20365.923004165","0","0","6928.73397827495","9011.99336883292","0","0","0","0","0","0","0","0","0","0"
"361","70.9313","2","641.293861762935","1280.57317059211","0.000870592110914004","0.679846121077274","64.24","IELSPSMEAPK","[6] Phospho (ST)","sp|A2ASS6|TITIN_MOUSE","","Titin OS=Mus musculus OX=10090 GN=Ttn PE=1 SV=1","False","2.90401848628497","B","C","0.359148017304186","107.786462211159","1302743.80557586","1239196.63023093","1638168.59375869","928248.994327021","4592242.15032845","625230.666102331","549269.862147031","587333.054683193","979679.000720467","807930.499983178","1104569.76465794","1751591.30067635","928248.994327021","3146256.01161886","679166.172368542","625685.162607869","636072.279342117","1289696.98139448","0","0","1","1","0","0","0","0","0"
"387","34.6764333333333","2","496.731766181197","991.448979428634","0.000179428633714451","0.180976197373431","35.15","QQSPSPIR","[3] Phospho (ST)","sp|A2ASS6|TITIN_MOUSE","","Titin OS=Mus musculus OX=10090 GN=Ttn PE=1 SV=1","False","2.83505528592303","B","C","0.0256375936209174","38.5594144677045","1809224.82542879","783775.192588068","1484627.20680214","2683367.18430759","2349061.37394708","1469682.99336565","938657.610292224","705973.985929516","648837.453184602","1122037.8953516","698625.511804696","1587419.09110554","2683367.18430759","1609398.68314959","1596465.15648662","1069245.15616623","764558.505273713","854161.112132107","0","1","0","0","1","0","0","0","0"
"399","43.7512833333333","2","427.212640226202","852.410727518644","0.000127518644035263","0.1495976751524","33.2","ISTSPIR","[4] Phospho (ST)","sp|A2ASS6|TITIN_MOUSE","REV_sp|P14685|PSMD3_MOUSE","Titin OS=Mus musculus OX=10090 GN=Ttn PE=1 SV=1","False","2.45944392884854","B","C","0.217615979001356","78.2113687784932","2606382.68913649","1783097.17797788","1651098.9568314","1277211.02901747","5292830.72966773","1802256.69587152","1008855.90156007","1434306.6432998","960980.300745253","1616416.10589023","1589380.71827571","1765416.92983262","1277211.02901747","3626246.16833568","1957728.3203193","1149209.54582896","1553331.09315864","1265081.10527965","0","0","0","1","0","0","0","0","1"
"865","43.7742666666667","1","853.418096830497","852.410820363617","0.000220363616790564","0.258518156379759","---","ISTSPIR","[4] Phospho (ST)","sp|A2ASS6|TITIN_MOUSE","REV_sp|P14685|PSMD3_MOUSE","Titin OS=Mus musculus OX=10090 GN=Ttn PE=1 SV=1","False","1.5663816924416","B","C","0.261600959870908","49.3465887881893","2703612.67812254","3057344.49036273","2354050.91748045","2183734.29877462","4634821.60919131","2042658.07130464","1970927.38473386","2107124.5297622","1579071.13669215","1676715.81583983","2725193.24360082","2517039.5306793","2183734.29877462","3175428.22728897","2218867.91381187","2245125.95026633","2281982.07442364","2078765.87831457","0","0","0","0","0","0","0","0","0"
"474","24.3877833333333","2","461.710779443459","921.407005953158","0.000105953158481498","0.114990628441677","23.36","RSPTPER","[2] Phospho (ST)","sp|A2ASS6|TITIN_MOUSE","","Titin OS=Mus musculus OX=10090 GN=Ttn PE=1 SV=1","False","1.39841453890103","A","C","0.556832744004036","110.344564180293","222854.974887266","413742.553819682","208324.661488798","175874.563396072","475387.663863297","994.207260364832","66505.9793946316","411953.875598665","125740.234959819","138209.316761878","368793.381254126","222748.541371362","175874.563396072","325699.570344383","1079.972522417","75758.397464718","446139.440895595","165530.547606157","0","0","0","0","1","0","0","1","0"
"541","79.4178833333333","2","894.88537747769","1787.75620202162","0.000602021620579762","0.336747159723489","54.05","RTPSPDYDLYYYR","[4] Phospho (ST)","sp|A2ASS6|TITIN_MOUSE","","Titin OS=Mus musculus OX=10090 GN=Ttn PE=1 SV=1","False","1.70776148920117","A","C","0.146525806348339","41.9174323466437","4172103.34064361","3170908.52693766","2513646.41353548","2511816.91445793","2331770.47975803","1499740.61821471","1593496.10000449","2843072.78991465","1335114.30088015","2587438.54590634","2826419.63341903","2687685.02076022","2511816.91445793","1597552.27392122","1629115.70151904","1815185.82240988","3079002.23799256","1757609.26017137","0","0","1","0","1","0","0","0","0"
"1231","79.4596833333333","3","596.926028140409","1787.75625502059","0.000655020588055777","0.366392692634148","48.61","RTPSPDYDLYYYR","[4] Phospho (ST)","sp|A2ASS6|TITIN_MOUSE","","Titin OS=Mus musculus OX=10090 GN=Ttn PE=1 SV=1","False","1.67948343989416","A","C","0.248040902712449","46.7258787958609","852745.46691941","648227.675708753","516361.82273148","515777.875761465","919605.672120039","404694.838337024","343540.210516558","609302.789740613","248320.951372367","528852.310406531","577803.936627032","552113.427240489","515777.875761465","630044.05680557","439605.827468606","391334.073271721","659865.15008741","326901.751661949","0","0","0","0","0","0","1","0","1"
"544","68.7527833333333","3","727.649053270479","2179.9253304108","0.00123041079768882","0.564428274217813","---","RRTPSPDYDLYYYRR","[3] Phospho (ST)|[5] Phospho (ST)","sp|A2ASS6|TITIN_MOUSE","","Titin OS=Mus musculus OX=10090 GN=Ttn PE=1 SV=1","False","1.81271284783652","A","C","0.136031179826254","39.9712477882753","4315286.42260395","3754617.9042271","2580858.53316264","2573839.81598694","3266934.9646","2198913.72697944","2195060.33751063","2595841.18679969","1084691.44271996","2676237.26327672","3346714.56787271","2759550.73988552","2573839.81598694","2238256.04910783","2388602.9593386","2500440.63739616","2811254.37659634","1427940.45640621","0","0","0","0","0","0","0","0","0"
"1579","68.7760666666667","4","545.988631335913","2179.92541947613","0.00131947613135708","0.605285354364896","12.25","RRTPSPDYDLYYYRR","[3] Phospho (ST)|[5] Phospho (ST)","sp|A2ASS6|TITIN_MOUSE","","Titin OS=Mus musculus OX=10090 GN=Ttn PE=1 SV=1","False","2.03396492783172","A","C","0.131724526246745","45.3756700888974","900117.859976588","652954.500278094","480701.493733496","464528.423232945","892651.627671033","482543.541640149","380194.544569419","455539.518729347","164171.99513866","558231.533738295","582017.23690139","513984.06601961","464528.423232945","611577.189944235","524170.147027404","433087.816818656","493341.993436553","216123.981839082","0","1","0","0","1","0","0","0","0"
"633","35.4833","2","442.212562789189","882.410572644618","-0.000727355381968664","-0.82428158158068","11.55","WTRVNK","[2] Phospho (ST)","sp|A2ASS6|TITIN_MOUSE","","Titin OS=Mus musculus OX=10090 GN=Ttn PE=1 SV=1","False","2.10432964171644","A","C","0.0669167096907388","51.5185670591817","1151414.03432736","976336.97692154","1095371.29355539","508940.436371266","1380580.88869045","740016.991237731","551529.947321802","572316.307027569","407816.010396982","714079.40107652","870267.299406797","1171212.06944884","508940.436371266","945869.311412023","803854.536694072","628259.674441737","619809.382450045","536868.787823902","0","0","0","0","1","0","0","0","0"
"644","45.3926333333333","3","431.218351377473","1290.63322473178","-7.5268221053193E-05","-0.058318827705122","44.42","SRSPTPPSIAAK","[5] Phospho (ST)","sp|A2ASS6|TITIN_MOUSE","","Titin OS=Mus musculus OX=10090 GN=Ttn PE=1 SV=1","False","1.65309527785106","A","C","0.356825635494212","42.021989483099","3393967.60593494","2507235.79081279","1364030.57885369","1311382.46493807","2634806.96781598","1838291.27123874","1531534.14562066","1633414.00288044","1229979.39919951","2104857.40408309","2234848.5945156","1458472.65347378","1311382.46493807","1805169.89099831","1996871.41734243","1744603.62197272","1768961.1705609","1619204.57329229","1","0","1","0","0","0","0","0","0"
"1103","45.3926333333333","2","646.324150709759","1290.63374848576","0.000448485758852257","0.347492784241858","50.65","SRSPTPPSIAAK","[5] Phospho (ST)","sp|A2ASS6|TITIN_MOUSE","","Titin OS=Mus musculus OX=10090 GN=Ttn PE=1 SV=1","False","1.4146897872833","A","B","0.295636976894107","34.1755180511162","3393685.9771369","3427486.82817124","1724644.41268769","1871668.79991096","2227470.8148855","1941631.51030426","2215454.65372759","2105751.15824622","1811325.7628443","2104682.74464918","3055123.15543966","1844054.48958865","1871668.79991096","1526094.05441258","2109126.29929715","2523672.24345698","2280494.73509617","2384517.13974107","1","0","0","0","0","1","0","0","0"
"689","41.2640166666667","3","769.63707325453","2305.88939036295","0.000490362950586132","0.212656798246495","---","PAEEYEDDAERRSPTPER","[13] Phospho (ST)|[15] Phospho (ST)","sp|A2ASS6|TITIN_MOUSE","","Titin OS=Mus musculus OX=10090 GN=Ttn PE=1 SV=1","False","4.48825724498108","B","C","0.081460772407837","149.451120261621","3650252.39549042","3478398.95309049","4682591.54177062","6520312.93465525","9123699.95906119","1868452.0137529","166663.165080565","3545058.33251449","190119.228457888","2263799.09106514","3100504.16477134","5006802.49910485","6520312.93465525","6250867.20271271","2029633.97548252","189849.610784328","3839241.32310168","250282.179026872","0","0","0","0","0","0","0","0","0"
"11566","41.2915333333333","4","577.479759896645","2305.88993371906","0.00103371905925087","0.44829525795925","---","PAEEYEDDAERRSPTPER","[13] Phospho (ST)|[15] Phospho (ST)","sp|A2ASS6|TITIN_MOUSE","","Titin OS=Mus musculus OX=10090 GN=Ttn PE=1 SV=1","False","5.97508265536585","B","C","0.0653147075404599","167.0549197472","135568.044065933","111890.683493811","131891.399299233","133920.263261805","380894.231616277","61541.0844247532","884.465043612927","94175.7415126359","1399.64388368546","84076.0532923931","99734.8305499699","141023.230775353","133920.263261805","260959.837653149","66849.9243850719","1007.51323305955","101990.817790747","1842.55913466439","0","0","0","0","0","0","0","0","0"
"15601","41.3092833333333","2","1153.9516258376","2305.88869874144","-0.000201258561446593","-0.0872802507729637","20.44","PAEEYEDDAERRSPTPER","[13] Phospho (ST)|[15] Phospho (ST)","sp|A2ASS6|TITIN_MOUSE","","Titin OS=Mus musculus OX=10090 GN=Ttn PE=1 SV=1","False","4.69650482514734","B","C","0.0814562621403657","172.160126811881","175172.884311372","251872.444620596","240008.054988582","559417.934755649","348370.831804239","85234.4719821198","497.782119343018","210588.339377869","352.655958073993","108638.026448049","224508.911734651","256625.614000861","559417.934755649","238677.270918381","92587.2213703535","567.034362793884","228063.794405722","464.253417970916","0","1","0","0","0","0","0","0","0"
"714","35.3143833333333","2","452.718092467315","903.42163200087","0.000132000870166848","0.146112163776098","33.94","APTPSPVR","[5] Phospho (ST)","sp|A2ASS6|TITIN_MOUSE","","Titin OS=Mus musculus OX=10090 GN=Ttn PE=1 SV=1","False","1.47243044384664","B","C","0.164007765332415","28.0794578119572","1154675.44312995","1039069.84090815","1724077.24739808","1379722.50449247","1912460.75091391","1308015.76790395","915019.477845176","1029523.24935107","1179678.89056151","716102.048686317","926184.837527523","1843448.05518921","1379722.50449247","1310273.05128447","1420851.71225371","1042318.44898068","1114957.1688991","1552986.54258496","0","1","0","0","1","0","0","0","0"
"789","107.4723","3","760.696685782658","2279.06822794733","0.000927947334730561","0.407161006053029","12.04","SLSPTYIELMRPVSELIR","[1] Phospho (ST)|[3] Phospho (ST)|[10] Oxidation (M)","sp|A2ASS6|TITIN_MOUSE","","Titin OS=Mus musculus OX=10090 GN=Ttn PE=1 SV=1","False","1.6524570336814","B","C","0.104628216894666","31.0814838448797","2250429.18818885","3014052.10129667","2484069.7123509","3112606.27366479","3160001.49414312","1900172.23352416","1739250.74448009","2109657.15001092","1096927.20726923","1395662.27174379","2686604.15867628","2656060.50256654","3112606.27366479","2164993.34578018","2064090.5391425","1981218.08580967","2284724.86153816","1444048.21067331","0","0","1","0","0","0","0","0","0"
"1241","107.4723","2","1140.54139822992","2279.06824352609","0.000943526087667124","0.413996588721677","27.69","SLSPTYIELMRPVSELIR","[1] Phospho (ST)|[3] Phospho (ST)|[10] Oxidation (M)","sp|A2ASS6|TITIN_MOUSE","","Titin OS=Mus musculus OX=10090 GN=Ttn PE=1 SV=1","False","1.42603292458285","A","C","0.135156776858186","24.4142854454997","3169842.52602363","3726193.16645838","2873348.20901038","3208164.88733058","2587059.82621924","2292850.66048788","2269676.10208099","2847922.89502344","1733143.17937805","1965860.39861165","3321377.90608579","3072291.67125513","3208164.88733058","1772457.17107443","2490643.3598402","2585437.06630239","3084254.82404574","2281593.79258359","0","1","0","0","0","1","0","0","0"
"856","38.32375","2","517.77375740127","1033.53296186878","0.000861868780702935","0.833906156086429","25.7","AVTSPPRVK","[4] Phospho (ST)","sp|A2ASS6|TITIN_MOUSE","","Titin OS=Mus musculus OX=10090 GN=Ttn PE=1 SV=1","False","1.58311316270961","A","C","0.0284350433763759","19.6395798685406","2910282.5179026","2720631.73029487","1969453.25858582","2322883.14164565","2938033.5402534","2130143.38080425","1446942.62688362","1543627.79541786","1810329.27698137","1804887.49953564","2425061.10551053","2105813.28928576","2322883.14164565","2012917.73947481","2313900.14113643","1648243.59604786","1671724.14775276","2383205.3173906","0","0","0","0","0","1","0","0","1"
"872","29.7852833333333","2","579.762861286312","1157.51116963887","-0.000630361134881241","-0.54458290177365","49.2","SPEPVTSHPK","[1] Phospho (ST)","sp|A2ASS6|TITIN_MOUSE","","Titin OS=Mus musculus OX=10090 GN=Ttn PE=1 SV=1","False","1.81634450771932","B","C","0.00145635278292344","13.4708216487449","354270.622991734","384866.150646646","300470.827864258","363119.057107373","376820.250720474","414278.551493128","215946.988171162","238066.821962892","181448.16000192","219710.153552826","343054.123190566","321274.678442274","363119.057107373","258168.654944344","450016.279377316","245989.878054488","257822.550381317","238867.163695417","0","0","0","0","0","0","1","0","1"
"891","33.4741666666667","2","496.731644362697","991.448735791633","-6.42083667798943E-05","-0.0647621609707877","36.12","QQSPSPIR","[5] Phospho (ST)","sp|A2ASS6|TITIN_MOUSE","","Titin OS=Mus musculus OX=10090 GN=Ttn PE=1 SV=1","False","1.36027317733981","B","A","0.428587168345455","42.3960869089206","336261.563230194","402316.38397761","722257.983884082","528169.371677118","621698.530721329","837268.031160074","727818.692178618","591595.060420967","437545.458353117","208541.366109667","358608.555516626","772265.324970424","528169.371677118","425940.679011601","909494.934908493","829073.991033802","640687.963207648","576006.075914547","1","0","1","0","0","0","0","0","0"
"947","51.1055666666667","2","524.757640698358","1047.50072846296","0.000528462956481235","0.504499146139767","39.48","SPTPPSIAAK","[3] Phospho (ST)","sp|A2ASS6|TITIN_MOUSE","","Titin OS=Mus musculus OX=10090 GN=Ttn PE=1 SV=1","False","1.62732863348291","A","C","0.266866619780946","42.5392365687159","2797352.87818677","2115110.88514694","1438451.56572895","1407971.78287943","2771965.45228671","1396753.24824271","1099074.50956201","1595399.18104067","1208189.35998841","1734851.2423007","1885324.31063571","1538046.36383247","1407971.78287943","1899140.48143848","1517244.12890053","1251979.51066427","1727791.72814046","1590519.10818142","1","0","0","0","0","0","0","1","0"
"967","24.5371166666667","2","608.253711000998","1214.49286906824","-0.000830931764312481","-0.684179559196134","12.31","MSPARMSPAR","[1] Oxidation (M)|[6] Oxidation (M)|[7] Phospho (ST)","sp|A2ASS6|TITIN_MOUSE","","Titin OS=Mus musculus OX=10090 GN=Ttn PE=1 SV=1","False","1.73611220058441","A","C","0.337751510927298","47.537000592792","582711.135669376","287522.828686435","259606.494094281","371768.247942589","409124.816186153","194487.522922691","321625.161832928","205340.820017267","123821.713823947","361383.487046418","256286.222434916","277581.000140704","371768.247942589","280301.292983011","211264.98375437","366370.168014698","222380.815091046","163004.913275059","1","1","0","0","0","0","0","0","0"
"974","26.8774833333333","2","377.168189148195","752.32182536263","2.5362629457959E-05","0.0337124744463858","31.99","SVSPAGR","[3] Phospho (ST)","sp|A2ASS6|TITIN_MOUSE","","Titin OS=Mus musculus OX=10090 GN=Ttn PE=1 SV=1","False","2.66728031923726","A","C","0.160834011160435","80.4514361858187","4193145.03527642","4283089.18337481","4937142.25978225","2861624.18193484","6760712.89187169","1130831.2419977","1135674.68904527","2291279.1834786","1601905.06730785","2600488.10084754","3817772.49540104","5278977.67383888","2861624.18193484","4631927.69078152","1228382.36807893","1293671.56557139","2481418.61116689","2108825.5727316","0","0","0","1","1","0","0","0","0"
"6099","26.8774833333333","1","753.329007848289","752.321731381409","-6.86185912854853E-05","-0.091209096008497","---","SVSPAGR","[3] Phospho (ST)","sp|A2ASS6|TITIN_MOUSE","","Titin OS=Mus musculus OX=10090 GN=Ttn PE=1 SV=1","False","2.08609959467467","A","C","0.211267030854794","54.6030820207525","1425341.16672137","1780552.90958953","1661232.66512641","1402372.48686629","1641131.28069803","442434.063505699","482471.584550291","1072535.52710824","778115.79094015","883962.446451064","1587112.8603213","1776252.2708108","1402372.48686629","1124378.6779368","480600.62586157","549593.801948337","1161538.77593544","1024349.38996639","0","0","0","0","0","0","0","0","0"
"1078","30.8578166666667","3","565.893222083436","1694.65783684967","-6.31503319254989E-05","-0.0372643540182941","---","TRPRSPSPVSSER","[5] Phospho (ST)|[7] Phospho (ST)|[11] Phospho (ST)","sp|A2ASS6|TITIN_MOUSE","","Titin OS=Mus musculus OX=10090 GN=Ttn PE=1 SV=1","False","1.93039695638362","B","C","0.219352256125276","62.0069730362369","1795921.67607676","1480031.06269961","1154005.36676829","922458.649950867","2784430.94394117","1177311.39699181","560232.774746955","1180178.43138307","789742.488286194","1113787.60081069","1319239.8387235","1233905.81962464","922458.649950867","1907680.89084455","1278872.13236901","638173.253117563","1278114.31502888","1039655.3386085","0","0","0","0","0","0","0","0","0"
"1081","30.9211666666667","2","848.335732146646","1694.65691135953","-0.000988640467994628","-0.583386456933065","15.93","TRPRSPSPVSSER","[5] Phospho (ST)|[7] Phospho (ST)|[11] Phospho (ST)","sp|A2ASS6|TITIN_MOUSE","","Titin OS=Mus musculus OX=10090 GN=Ttn PE=1 SV=1","False","1.35716050476219","A","C","0.38643628758294","27.632258113945","2818997.37657148","4130289.15919157","2486500.39891568","2684808.04001735","3255526.88597615","2080547.08866236","1793793.18211862","2970424.35160282","2188377.16791418","1748274.64168821","3681572.73288204","2658659.48380557","2684808.04001735","2230440.09890826","2260025.42621295","2043348.5544822","3216921.93700298","2880885.90807391","0","0","0","0","0","0","1","0","0"
"1158","87.0601166666667","2","816.834868155114","1631.65518337647","0.000683376468032293","0.418824247432464","79","TPSPDYDLYYYR","[3] Phospho (ST)","sp|A2ASS6|TITIN_MOUSE","","Titin OS=Mus musculus OX=10090 GN=Ttn PE=1 SV=1","False","1.35338884639297","B","C","0.28513300746292","28.1557387515243","1569035.55780583","1240695.22172914","1140210.41353424","1126319.88275575","1750052.83861377","1192147.23598412","1061646.41840237","1249639.83117263","694885.973727259","973078.265491424","1105905.54851832","1219155.73824104","1126319.88275575","1199003.46799992","1294987.78460517","1209344.36368609","1353339.89706985","914781.619357302","1","0","0","0","0","1","0","0","0"
"1238","35.22045","2","492.701314155587","983.388075377414","0.000275377413686329","0.280029316701233","21.72","APTPSPVR","[3] Phospho (ST)|[5] Phospho (ST)","sp|A2ASS6|TITIN_MOUSE","","Titin OS=Mus musculus OX=10090 GN=Ttn PE=1 SV=1","False","1.73509502981434","B","C","0.0241611775864845","27.3910289936362","1167760.3076371","1255000.86461733","1358399.32052247","1713069.33210791","1539417.82382954","974856.815897283","837101.260423851","802022.657059428","797252.130626927","724216.968195604","1118657.02008692","1452451.50086323","1713069.33210791","1054692.33199527","1058952.81238809","953560.124708511","868577.675804374","1049541.39623663","0","0","1","0","1","0","0","0","0"
"1371","28.6596666666667","3","479.260390978563","1434.75934353505","-0.000256464950325608","-0.178751165230473","50.43","VKSPETVKSPKR","[9] Phospho (ST)","sp|A2ASS6|TITIN_MOUSE","","Titin OS=Mus musculus OX=10090 GN=Ttn PE=1 SV=1","False","3.89075068949682","A","C","0.0730903027458354","67.6610803820723","129901.437861415","559962.269354927","278568.670178503","170311.284239378","411339.51911937","146302.407419562","92952.3978735857","67826.1212878337","88127.7857347422","80561.7598722835","499127.722743595","297856.069994662","170311.284239378","281818.639453315","158923.180583699","105884.083920042","73454.6016480516","116015.694074785","0","0","0","0","0","0","1","1","0"
"15432","28.7362833333333","2","718.387253603833","1434.75995427391","0.000354273905031732","0.2469221359674","17.15","VKSPETVKSPKR","[9] Phospho (ST)","sp|A2ASS6|TITIN_MOUSE","","Titin OS=Mus musculus OX=10090 GN=Ttn PE=1 SV=1","False","5.86256567755871","A","B","0.156847310792458","100.983047831857","5287.52559729561","11327.8493729571","42193.2340494624","4155.00356753877","507.81388534848","5368.38940332391","5944.04459349918","3291.34745686016","5459.32038545327","3279.19670867946","10097.1868472852","45114.5883213813","4155.00356753877","347.915557860317","5831.4933679894","6770.98957058091","3564.47651345142","7186.91430193615","0","0","1","0","0","0","0","0","0"
"1415","108.138816666667","3","958.089935360261","2871.24797668014","0.000776680143644626","0.270502708246307","22.58","RRSLGDMSDEELLLPIDDYLAMK","[3] Phospho (ST)|[7] Oxidation (M)|[8] Phospho (ST)|[22] Oxidation (M)","sp|A2ASS6|TITIN_MOUSE","","Titin OS=Mus musculus OX=10090 GN=Ttn PE=1 SV=1","False","1.67510387613013","B","C","0.426891656987896","59.6323328519163","1966906.30398578","5058751.55492484","1967670.76553759","5258105.56750056","3269616.21927848","3432171.09907863","3001488.46555513","3382316.18769899","755987.126995199","1219828.17097092","4509166.56660456","2103907.38086541","5258105.56750056","2240093.04144724","3728247.24482349","3419060.33456064","3662994.19011229","995218.142822061","1","0","0","0","0","0","1","0","0"
"1429","28.3930333333333","2","469.726351521703","937.438150109645","-4.98903546031215E-05","-0.0532198864982476","33.94","RPISETR","[4] Phospho (ST)","sp|A2ASS6|TITIN_MOUSE","","Titin OS=Mus musculus OX=10090 GN=Ttn PE=1 SV=1","False","2.20130205463348","A","C","0.155142603046614","47.2958039979119","256538.896529941","682903.636056702","522296.166108672","324583.289600247","636231.064679572","276954.874719993","223243.235388276","276577.62710189","164212.815041061","159099.278040282","608712.685429621","558458.649749527","324583.289600247","435897.26902437","300846.379393043","254301.190837283","299529.1347609","216177.719139634","0","0","0","1","0","0","0","1","0"
"1436","30.2992333333333","2","649.802561412128","1297.5905698905","-0.000930109503087806","-0.716796852543968","64.03","KASAQEEISQK","[3] Phospho (ST)","sp|A2ASS6|TITIN_MOUSE","","Titin OS=Mus musculus OX=10090 GN=Ttn PE=1 SV=1","False","1.47005750881168","A","C","0.332402769286531","32.9475766137197","606713.12723956","429108.671113457","349164.50328022","351006.615352204","569162.888044253","319096.412362692","226410.938622703","290937.521248102","424782.234562223","376268.947231983","382490.116823628","373339.782474613","351006.615352204","389947.24134299","346623.255624882","257909.590004823","315080.669836036","559203.94870362","0","0","0","1","0","0","0","0","1"
"1473","31.0773666666667","2","487.713920794305","973.413288654849","-0.00141134515081376","-1.44989093632319","13.5","IRSVSPR","[3] Phospho (ST)|[5] Phospho (ST)","sp|A2ASS6|TITIN_MOUSE","","Titin OS=Mus musculus OX=10090 GN=Ttn PE=1 SV=1","False","2.02904592918229","B","C","0.0413914462193824","29.4252815011083","185989.775797059","126474.441693729","233305.309039825","256690.826135207","355874.996042384","200449.57342308","134578.864084903","144784.867535747","121324.781097403","115346.403420475","112734.202860811","249458.786643032","256690.826135207","243818.555082751","217741.350377684","153301.69059231","156799.689670768","159717.829855081","0","1","0","1","0","0","0","0","0"
"1492","44.3339833333333","3","679.300209739329","2034.87879981735","0.000699817347367571","0.343911189258743","15.3","SLSRSPIRMSPAMSPAR","[5] Phospho (ST)|[9] Oxidation (M)|[10] Phospho (ST)|[13] Oxidation (M)","sp|A2ASS6|TITIN_MOUSE","","Titin OS=Mus musculus OX=10090 GN=Ttn PE=1 SV=1","False","1.58843177112142","B","C","0.0838675074789282","34.4381281152862","2157754.26119042","1621538.79785889","1443969.98219241","1439033.25156148","1966704.01285533","1923381.66163783","934689.753762036","1560895.08515939","859371.302690076","1338187.50211889","1445374.1114523","1543946.86168583","1439033.25156148","1347436.42015447","2089302.12793595","1064725.2850985","1690424.34563261","1131318.08904892","0","0","0","0","0","1","0","0","0"
"14450","44.3339833333333","2","1018.44656631902","2034.87857970427","0.000479704274312098","0.235741037417474","---","SLSRSPIRMSPAMSPAR","[5] Phospho (ST)|[9] Oxidation (M)|[10] Phospho (ST)|[13] Oxidation (M)","sp|A2ASS6|TITIN_MOUSE","","Titin OS=Mus musculus OX=10090 GN=Ttn PE=1 SV=1","False","1.26569786870739","A","C","0.369120653870259","24.1185604837483","249602.098194479","293204.805151188","218869.284445454","261561.673846488","177917.924646431","241073.000027385","181233.810490796","255657.102986858","164892.661119807","154797.241888995","261350.906483721","234023.247717314","261561.673846488","121895.867349579","261869.155764032","206447.347654809","276872.542640339","217072.701511336","0","0","0","0","0","0","0","0","0"
"1583","50.92845","3","769.005563672629","2303.99486161725","0.000761617248372204","0.330563888324282","68.62","TSSDVSLHGSVSSQSVQMSASK","[3] Phospho (ST)|[18] Oxidation (M)","sp|A2ASS6|TITIN_MOUSE","","Titin OS=Mus musculus OX=10090 GN=Ttn PE=1 SV=1","False","1.6754567027712","B","C","0.132650123547915","38.6967495354001","2009985.17645157","2233641.83224367","1743264.45702226","3221394.86162784","3144491.6832251","2312097.72288705","2060377.2972744","2161829.292751","957267.313052258","1246544.65568651","1990978.00363753","1863963.73934407","3221394.86162784","2154367.19971852","2511550.76954944","2347020.27749997","2341226.45545703","1260193.14808542","0","1","0","0","0","0","0","0","0"
"13294","50.9789","2","1153.00440596567","2303.99425899757","0.000158997570451902","0.0690095388924399","---","TSSDVSLHGSVSSQSVQMSASK","[3] Phospho (ST)|[18] Oxidation (M)","sp|A2ASS6|TITIN_MOUSE","","Titin OS=Mus musculus OX=10090 GN=Ttn PE=1 SV=1","False","1.47035882918863","B","C","0.470063935117937","41.4161660504946","314385.167173229","478082.134878144","270229.446663886","698794.770472598","357131.699361869","362282.586739662","368832.65502265","408093.805855222","187606.16096976","194974.149341117","426143.08199911","288939.459446608","698794.770472598","244679.552879539","393534.884150228","420145.243052066","441959.047266199","246973.855023707","0","0","0","0","0","0","0","0","0"
"1583","50.92845","3","769.005563672629","2303.99486161725","0.000761617248372204","0.330563888324282","86.42","TSSDVSLHGSVSSQSVQMSASK","[6] Phospho (ST)|[18] Oxidation (M)","sp|A2ASS6|TITIN_MOUSE","","Titin OS=Mus musculus OX=10090 GN=Ttn PE=1 SV=1","False","1.6754567027712","B","C","0.132650123547915","38.6967495354001","2009985.17645157","2233641.83224367","1743264.45702226","3221394.86162784","3144491.6832251","2312097.72288705","2060377.2972744","2161829.292751","957267.313052258","1246544.65568651","1990978.00363753","1863963.73934407","3221394.86162784","2154367.19971852","2511550.76954944","2347020.27749997","2341226.45545703","1260193.14808542","0","0","0","0","0","0","1","0","0"
"13294","50.9789","2","1153.00440596567","2303.99425899757","0.000158997570451902","0.0690095388924399","24.24","TSSDVSLHGSVSSQSVQMSASK","[6] Phospho (ST)|[18] Oxidation (M)","sp|A2ASS6|TITIN_MOUSE","","Titin OS=Mus musculus OX=10090 GN=Ttn PE=1 SV=1","False","1.47035882918863","B","C","0.470063935117937","41.4161660504946","314385.167173229","478082.134878144","270229.446663886","698794.770472598","357131.699361869","362282.586739662","368832.65502265","408093.805855222","187606.16096976","194974.149341117","426143.08199911","288939.459446608","698794.770472598","244679.552879539","393534.884150228","420145.243052066","441959.047266199","246973.855023707","0","0","0","0","0","0","1","0","0"
"1583","50.92845","3","769.005563672629","2303.99486161725","0.000761617248372204","0.330563888324282","---","TSSDVSLHGSVSSQSVQMSASK","[2] Phospho (ST)|[18] Oxidation (M)","sp|A2ASS6|TITIN_MOUSE","","Titin OS=Mus musculus OX=10090 GN=Ttn PE=1 SV=1","False","1.6754567027712","B","C","0.132650123547915","38.6967495354001","2009985.17645157","2233641.83224367","1743264.45702226","3221394.86162784","3144491.6832251","2312097.72288705","2060377.2972744","2161829.292751","957267.313052258","1246544.65568651","1990978.00363753","1863963.73934407","3221394.86162784","2154367.19971852","2511550.76954944","2347020.27749997","2341226.45545703","1260193.14808542","0","0","0","0","0","0","0","0","0"
"13294","50.9789","2","1153.00440596567","2303.99425899757","0.000158997570451902","0.0690095388924399","13.14","TSSDVSLHGSVSSQSVQMSASK","[2] Phospho (ST)|[18] Oxidation (M)","sp|A2ASS6|TITIN_MOUSE","","Titin OS=Mus musculus OX=10090 GN=Ttn PE=1 SV=1","False","1.47035882918863","B","C","0.470063935117937","41.4161660504946","314385.167173229","478082.134878144","270229.446663886","698794.770472598","357131.699361869","362282.586739662","368832.65502265","408093.805855222","187606.16096976","194974.149341117","426143.08199911","288939.459446608","698794.770472598","244679.552879539","393534.884150228","420145.243052066","441959.047266199","246973.855023707","0","1","0","0","0","0","0","0","0"
"1792","27.9392833333333","2","530.203946185062","1058.39333943636","0.000739436364256107","0.698640905327671","44.63","MSPAMSPAR","[1] Oxidation (M)|[5] Oxidation (M)|[6] Phospho (ST)","sp|A2ASS6|TITIN_MOUSE","","Titin OS=Mus musculus OX=10090 GN=Ttn PE=1 SV=1","False","1.47443176877108","B","C","0.358844572394432","50.7956110829071","666257.063490931","920788.643251715","596007.716791911","592122.514214991","1102451.93475014","575259.609898849","435568.379151311","803798.600748288","300096.633771624","413196.67007406","820753.761077222","637273.804323992","592122.514214991","755316.447539768","624884.364371976","496165.347705136","870500.994339146","395061.772700323","1","0","1","0","0","0","0","0","0"
"1832","49.0689166666667","3","704.673536514046","2110.9987801415","0.000580141499085585","0.274818566441973","---","IPPKPKSRSPTPPSIAAK","[7] Phospho (ST)|[9] Phospho (ST)|[11] Phospho (ST)","sp|A2ASS6|TITIN_MOUSE","","Titin OS=Mus musculus OX=10090 GN=Ttn PE=1 SV=1","False","2.27736107763518","A","C","0.0348691004237486","44.4216572763293","4871330.78883165","4264235.00691529","3771435.06242234","2794847.22146065","4799095.61009994","2038920.5434903","1614806.32469532","2417180.777234","1635537.90537955","3021082.65873849","3800966.64494386","4032559.8180634","2794847.22146065","3287976.31295002","2214807.96826311","1839460.75959425","2617768.01815881","2153101.47300598","0","0","0","0","0","0","0","0","0"
"8776","48.9687166666667","4","528.757060387471","2110.99913568236","0.000935682362523949","0.44324166762622","11.41","IPPKPKSRSPTPPSIAAK","[7] Phospho (ST)|[9] Phospho (ST)|[11] Phospho (ST)","sp|A2ASS6|TITIN_MOUSE","","Titin OS=Mus musculus OX=10090 GN=Ttn PE=1 SV=1","False","2.68918148150382","A","C","0.0362916720481498","58.4895870450055","605586.8064798","458917.643154884","425366.590222713","279906.614682761","681515.770894897","259383.896437235","157342.558520859","245329.77181577","151351.654323659","375570.430078665","409060.629064578","454817.911826125","279906.614682761","466922.914994317","281759.641150555","179232.306554094","265688.208598288","199246.663005671","0","0","1","0","0","0","0","0","0"
"2014","62.3210166666667","2","889.398268376677","1776.7819838196","8.38195951473608E-05","0.0471749487921735","133.9","KLSETVEETEGNSFK","[3] Phospho (ST)","sp|A2ASS6|TITIN_MOUSE","","Titin OS=Mus musculus OX=10090 GN=Ttn PE=1 SV=1","False","1.60865409598165","B","C","0.295951362273366","44.3877828331803","740119.447622774","720369.913594149","718557.176650565","822998.530590383","1409357.10346339","598175.482716967","682976.298146129","691468.28320218","385120.214987515","459004.351282116","642108.610138063","768308.283075953","822998.530590383","965584.591172373","649777.074330349","777993.051525723","748849.061843508","506990.941296203","0","0","1","1","0","0","0","0","0"
"8644","62.3379666666667","3","593.2680372852","1776.78228245496","0.000382454958753442","0.215251494149868","---","KLSETVEETEGNSFK","[3] Phospho (ST)","sp|A2ASS6|TITIN_MOUSE","","Titin OS=Mus musculus OX=10090 GN=Ttn PE=1 SV=1","False","2.59999515622163","B","C","0.114233278893766","65.8144369570165","80984.8561256082","73181.0125228037","71279.0100793507","87599.1216073046","226976.591036341","72947.4884144277","59223.5192697926","60193.3506332922","29630.7927938066","50224.8677142672","65230.5952160956","76214.1909272885","87599.1216073046","155507.144585955","79240.3015021287","67462.7898564937","65188.4334335815","39007.4136471173","0","0","0","0","0","0","0","0","0"
"2020","112.197","3","827.36702223909","2479.07923731663","0.000537316629106499","0.216740448420011","49.45","SLGDMSDEELLLPIDDYLAMK","[5] Oxidation (M)|[6] Phospho (ST)|[20] Oxidation (M)","sp|A2ASS6|TITIN_MOUSE","","Titin OS=Mus musculus OX=10090 GN=Ttn PE=1 SV=1","False","1.18325392545106","B","C","0.717947937697747","36.8637322022012","897532.851281445","1639936.56920479","1391480.34942679","1597479.648952","1424556.12695371","1126831.76540637","1180856.83949531","1593458.28945779","732005.409751661","556628.373271449","1461773.14084765","1487822.97768619","1597479.648952","975997.809261001","1224037.87674911","1345139.52895246","1725689.77368168","963647.44638486","0","0","0","0","0","1","0","0","0"
"3326","112.204","2","1240.54783083131","2479.08110872887","0.0024087288688861","0.971622590636635","20.24","SLGDMSDEELLLPIDDYLAMK","[5] Oxidation (M)|[6] Phospho (ST)|[20] Oxidation (M)","sp|A2ASS6|TITIN_MOUSE","","Titin OS=Mus musculus OX=10090 GN=Ttn PE=1 SV=1","False","1.08370930596958","B","A","0.871255723453119","32.3559738062316","1157256.65026455","1793210.55846054","1352892.9421437","1636290.77308118","1647017.45604986","1380283.21330413","1377549.73692905","2006965.90843157","1064795.00470793","717702.851516381","1598395.37666576","1446563.87458153","1636290.77308118","1128411.43883657","1499353.30684962","1569196.65641542","2173511.89373561","1401747.81981223","0","0","0","0","0","0","1","0","0"
"2020","112.197","3","827.36702223909","2479.07923731663","0.000537316629106499","0.216740448420011","72.6","SLGDMSDEELLLPIDDYLAMK","[1] Phospho (ST)|[5] Oxidation (M)|[20] Oxidation (M)","sp|A2ASS6|TITIN_MOUSE","","Titin OS=Mus musculus OX=10090 GN=Ttn PE=1 SV=1","False","1.18325392545106","B","C","0.717947937697747","36.8637322022012","897532.851281445","1639936.56920479","1391480.34942679","1597479.648952","1424556.12695371","1126831.76540637","1180856.83949531","1593458.28945779","732005.409751661","556628.373271449","1461773.14084765","1487822.97768619","1597479.648952","975997.809261001","1224037.87674911","1345139.52895246","1725689.77368168","963647.44638486","0","0","0","0","0","0","0","1","0"
"3326","112.204","2","1240.54783083131","2479.08110872887","0.0024087288688861","0.971622590636635","---","SLGDMSDEELLLPIDDYLAMK","[1] Phospho (ST)|[5] Oxidation (M)|[20] Oxidation (M)","sp|A2ASS6|TITIN_MOUSE","","Titin OS=Mus musculus OX=10090 GN=Ttn PE=1 SV=1","False","1.08370930596958","B","A","0.871255723453119","32.3559738062316","1157256.65026455","1793210.55846054","1352892.9421437","1636290.77308118","1647017.45604986","1380283.21330413","1377549.73692905","2006965.90843157","1064795.00470793","717702.851516381","1598395.37666576","1446563.87458153","1636290.77308118","1128411.43883657","1499353.30684962","1569196.65641542","2173511.89373561","1401747.81981223","0","0","0","0","0","0","0","0","0"
"2043","30.9405","2","513.218437451706","1024.42232196965","-0.000278030347772074","-0.271402005160833","31.96","SPSPVSSER","[3] Phospho (ST)","sp|A2ASS6|TITIN_MOUSE","","Titin OS=Mus musculus OX=10090 GN=Ttn PE=1 SV=1","False","1.65262744744505","B","C","0.120992249117494","29.2120118599837","306299.000873684","305488.070482222","173459.194730113","288305.66971136","351357.281575487","303354.133809137","191749.915969439","244080.845584008","134786.098619049","189959.302712504","272299.712480235","185469.076668397","288305.66971136","240723.359787086","329522.96984359","218426.470522915","264335.641517936","177438.961532388","0","0","1","0","0","0","0","1","0"
"2090","96.0915333333333","3","810.352122821288","2428.03453906322","0.00113906322394541","0.46912996499365","38.62","AEPTPSPQFPFADMPPPDTYK","[6] Phospho (ST)|[14] Oxidation (M)","sp|A2ASS6|TITIN_MOUSE","","Titin OS=Mus musculus OX=10090 GN=Ttn PE=1 SV=1","False","1.41481816755394","B","C","0.131510398287597","25.3871952500434","909324.598689621","772777.422360061","761508.221948769","933836.975168137","1132946.01120199","866565.524410945","735790.910797546","839886.100641405","497627.232209902","563941.332533574","688822.54415924","814233.151606532","933836.975168137","776208.675827107","941319.775611253","838155.317439427","909583.177999241","655100.638850913","1","0","0","0","0","0","0","0","1"
"2113","45.6022833333333","2","686.307166266815","1370.59977959987","0.000179599869170488","0.131037444612189","17.36","SRSPTPPSIAAK","[3] Phospho (ST)|[5] Phospho (ST)","sp|A2ASS6|TITIN_MOUSE","","Titin OS=Mus musculus OX=10090 GN=Ttn PE=1 SV=1","False","2.19073490847901","A","C","0.0817073526099622","38.8439747672219","2917694.93379529","2611935.18525405","1556889.138537","1320499.80451778","2288265.8788999","1145350.61105076","841413.213071135","1523949.47594549","869405.347115318","1809484.50230213","2328173.40081068","1664684.2587318","1320499.80451778","1567746.2211256","1244154.25010519","958471.963094705","1650412.84333934","1144527.39209298","0","0","0","1","1","0","0","0","0"
"9119","45.6022833333333","3","457.8737743213","1370.59949356326","-0.000106436740679783","-0.0776570638717411","31","SRSPTPPSIAAK","[3] Phospho (ST)|[5] Phospho (ST)","sp|A2ASS6|TITIN_MOUSE","","Titin OS=Mus musculus OX=10090 GN=Ttn PE=1 SV=1","False","2.6299666377524","A","C","0.162519649003035","63.9066369375274","548744.82253181","348722.056880692","190147.159341308","145641.270123561","462230.678537001","193368.115400005","100968.631954993","205652.625852645","106925.447744224","340318.39332779","310836.739628609","203312.474320098","145641.270123561","316685.40192239","210049.010572436","115015.549289582","222718.495810425","140761.848614255","0","0","1","0","0","0","0","0","1"
"2237","24.61715","3","403.539014921788","1207.59521536472","-0.00098463527729109","-0.815367982518569","44.86","SPETVKSPKR","[7] Phospho (ST)","sp|A2ASS6|TITIN_MOUSE","","Titin OS=Mus musculus OX=10090 GN=Ttn PE=1 SV=1","False","2.90271456537219","B","A","0.15278308365004","62.7427378472545","16710.2302742388","60771.8555153675","55042.8750622747","81302.1200589443","206000.680408172","97379.3336730178","49180.9450440502","47868.0101731837","131198.095313103","10363.2845095986","54169.5744701361","58853.9064236862","81302.1200589443","141136.041592543","105779.75922198","56023.07666547","51840.2873729828","172715.539850889","0","0","1","0","0","0","0","0","0"
"17916","24.61715","2","604.805056194803","1207.59555945585","-0.000640544153156952","-0.530429089754466","50.62","SPETVKSPKR","[7] Phospho (ST)","sp|A2ASS6|TITIN_MOUSE","","Titin OS=Mus musculus OX=10090 GN=Ttn PE=1 SV=1","False","1.77905801104258","B","C","0.470464812294156","88.2296598673381","0","13958.3466234603","17495.0324780595","13621.9966760806","24964.5409120251","10619.4068079009","7745.47720102057","9440.01698552397","10472.9318403676","0","12441.9057224328","18706.3448843857","13621.9966760806","17103.8099365353","11535.4896449786","8823.04035952884","10223.3870086698","13787.0757369905","0","0","1","0","0","0","0","0","0"
"2248","109.80745","3","879.400758845382","2635.18044713551","0.000647135505914775","0.245575465444436","34","SLGDMSDEELLLPIDDYLAMKR","[5] Oxidation (M)|[6] Phospho (ST)|[20] Oxidation (M)","sp|A2ASS6|TITIN_MOUSE","","Titin OS=Mus musculus OX=10090 GN=Ttn PE=1 SV=1","False","1.39122524218941","B","C","0.327436088817865","37.3237311648108","762993.470538816","1069358.22273555","761890.536210734","1038977.11188908","1332571.81396674","978295.125480823","897316.463887888","1043379.31615233","467141.534688852","473190.272329744","953182.676264969","814641.936354289","1038977.11188908","912977.134776492","1062687.72765357","1022152.56344817","1129963.06703939","614967.787131432","1","0","0","0","0","0","0","0","0"
