File Name	Base Sequence	Full Sequence	Protein Group	Peptide Monoisotopic Mass	MS2 Retention Time	Precursor Charge	Theoretical MZ	Peak intensity	Peak RT Start	Peak RT Apex	Peak RT End	Peak MZ	Peak Charge	Num Charge States Observed	Peak Detection Type	PIP Q-Value	PSMs Mapped	Base Sequences Mapped	Full Sequences Mapped	Peak Split Valley RT	Peak Apex Mass Error (ppm)
180323acs_001_HUVEC_P5_no_VEGF_control_1_001-calib	SQSPAASDCSSSSSSASLPSSGR	SQS[UniProt:Phosphoserine on S]PAASDC[Common Fixed:Carbamidomethyl on C]SSSSSSASLPSSGR	O95817	2278.900914	50.39766667	2	1140.457733	5707.40135	50.252475	50.42875167	50.51039833	1140.959217	2	2	MSMS	0	1	1	1	0	0.087875825
180323acs_001_HUVEC_P5_no_VEGF_control_1_001-calib	SSTPLHSPSPIR	SST[UniProt:Phosphothreonine on T]PLHS[UniProt:Phosphoserine on S]PSPIR	O95817	1437.605461		2	719.810007	5707.40135	54.13962833	54.50228833	54.78205	719.8097833	2	1	MBR	0.017336595	1	1	1	0	-0.311308359
180323acs_002_HUVEC_P5_no_VEGF_control_1_002-calib	SQSPAASDCSSSSSSASLPSSGR	SQS[UniProt:Phosphoserine on S]PAASDC[Common Fixed:Carbamidomethyl on C]SSSSSSASLPSSGR	O95817	2278.900914		2	1140.457733	5742.40502	50.19904	50.302225	50.42404833	1140.959541	2	1	MBR	0.092370166	4	1	1	0	0.372474433
180323acs_002_HUVEC_P5_no_VEGF_control_1_002-calib	SSTPLHSPSPIR	SST[UniProt:Phosphothreonine on T]PLHS[UniProt:Phosphoserine on S]PSPIR	O95817	1437.605461		2	719.810007	5742.40502	54.17451	54.392965	54.88590333	719.8097491	2	1	MBR	0.014223844	1	1	1	0	-0.358883303
180323acs_003_HUVEC_P5_50ng_mL_VEGF_1min_1_001-calib	SQSPAASDCSSSSSSASLPSSGR	SQS[UniProt:Phosphoserine on S]PAASDC[Common Fixed:Carbamidomethyl on C]SSSSSSASLPSSGR	O95817	2278.900914	50.485705	2	1140.457733	174026.6132	50.434225	50.52072333	50.60698167	1140.959129	2	2	MSMS	0	1	1	1	0	0.010491075
180323acs_003_HUVEC_P5_50ng_mL_VEGF_1min_1_001-calib	SSTPLHSPSPIR	SST[UniProt:Phosphothreonine on T]PLHS[UniProt:Phosphoserine on S]PSPIR	O95817	1437.605461		2	719.810007	174026.6132	54.25706667	54.50651167	54.86478667	719.8098242	2	1	MBR	0.024282805	1	1	1	0	-0.254437713
180323acs_004_HUVEC_P5_50ng_mL_VEGF_1min_1_002-calib	SQSPAASDCSSSSSSASLPSSGR	SQS[UniProt:Phosphoserine on S]PAASDC[Common Fixed:Carbamidomethyl on C]SSSSSSASLPSSGR	O95817	2278.900914	50.24521667	2	1140.457733	174936.392	50.14263167	50.26945667	50.43039833	1140.958928	2	2	MSMS	0	1	1	1	0	-0.165833392
180323acs_004_HUVEC_P5_50ng_mL_VEGF_1min_1_002-calib	SSTPLHSPSPIR	SST[UniProt:Phosphothreonine on T]PLHS[UniProt:Phosphoserine on S]PSPIR	O95817	1437.605461		2	719.810007	174936.392	53.80617833	54.028675	54.510915	719.8098787	2	1	MBR	0.02168093	1	1	1	0	-0.178495037
180323acs_007_HUVEC_P5_50ng_mL_VEGF_10min_1_001-calib	SQSPAASDCSSSSSSASLPSSGR	SQS[UniProt:Phosphoserine on S]PAASDC[Common Fixed:Carbamidomethyl on C]SSSSSSASLPSSGR	O95817	2278.900914		2	1140.457733	3676995.656	49.849805	50.00181667	50.114315	1140.958866	2	1	MBR	0.106287737	4	1	1	0	-0.219798708
180323acs_007_HUVEC_P5_50ng_mL_VEGF_10min_1_001-calib	SSTPLHSPSPIR	SST[UniProt:Phosphothreonine on T]PLHS[UniProt:Phosphoserine on S]PSPIR	O95817	1437.605461	53.68306	2	719.810007	3676995.656	53.60731	53.89033833	54.39625833	719.8099571	2	1	MSMS	0	1	1	1	0	-0.069475011
180323acs_008_HUVEC_P5_50ng_mL_VEGF_10min_1_002-calib	SQSPAASDCSSSSSSASLPSSGR	SQS[UniProt:Phosphoserine on S]PAASDC[Common Fixed:Carbamidomethyl on C]SSSSSSASLPSSGR	O95817	2278.900914	50.46595667	2	1140.457733	3678566.598	50.35503333	50.481355	50.5779	1140.95898	2	2	MSMS	0	1	1	1	0	-0.120095112
180323acs_008_HUVEC_P5_50ng_mL_VEGF_10min_1_002-calib	SSTPLHSPSPIR	SST[UniProt:Phosphothreonine on T]PLHS[UniProt:Phosphoserine on S]PSPIR	O95817	1437.605461		2	719.810007	3678566.598	54.11136167	54.372385	55.00184667	719.8100048	2	1	MBR	0.020350378	1	1	1	0	-0.003190318
180323acs_001_HUVEC_P5_no_VEGF_control_1_001-calib	VIHDNFGIVEGLMTTVHAITATQK	VIHDNFGIVEGLM[Common Variable:Oxidation on M]TTVHAITATQK	P04406	2610.347573	98.31652333	3	871.123134	1702536.132	98.28782667	98.32741167	98.360585	653.8446077	4	2	MSMS	0	1	1	1	0	-0.429702408
180323acs_001_HUVEC_P5_no_VEGF_control_1_001-calib	LISWYDNEFGYSNR	LISWYDNEFGYSNR	P04406	1762.795099		2	882.404826	95820.55095	93.01209667	93.110345	93.17617167	882.405177	2	1	MBR	0.01384421	2	1	1	0	0.398195336
180323acs_001_HUVEC_P5_no_VEGF_control_1_001-calib	IISNASCTTNCLAPLAK	IISNASC[Common Fixed:Carbamidomethyl on C]TTNC[Common Fixed:Carbamidomethyl on C]LAPLAK	P04406	1832.912455		2	917.4635039	57073.40135	68.91320167	68.95002833	69.061615	917.4641235	2	1	MBR	0.035440021	4	1	1	0	0.676129123
180323acs_002_HUVEC_P5_no_VEGF_control_1_002-calib	VIHDNFGIVEGLMTTVHAITATQK	VIHDNFGIVEGLMTTVHAITATQK	P04406	2594.352658	98.74340667	3	865.7914958	815201.3073	98.71828333	98.71828333	98.71828333	649.8463982	4	2	MSMS	0	1	1	1	0	0.367886258
180323acs_002_HUVEC_P5_no_VEGF_control_1_002-calib	LISWYDNEFGYSNR	LISWYDNEFGYSNR	P04406	1762.795099		2	882.404826	72270.30851	92.89875333	93.006125	93.10159333	882.404986	2	1	MBR	0.004513435	1	1	1	0	0.1814702
180323acs_002_HUVEC_P5_no_VEGF_control_1_002-calib	IISNASCTTNCLAPLAK	IISNASC[Common Fixed:Carbamidomethyl on C]TTNC[Common Fixed:Carbamidomethyl on C]LAPLAK	P04406	1832.912455		2	917.4635039	54425.40502	68.891375	68.94847333	69.00958	917.4665114	2	1	MBR	0.029916793	4	1	1	0	3.281639582
180323acs_003_HUVEC_P5_50ng_mL_VEGF_1min_1_001-calib	VIHDNFGIVEGLMTTVHAITATQK	VIHDNFGIVEGLMTTVHAITATQK	P04406	2594.352658	98.593295	3	865.7914958	1215513.521	98.5787	98.59860167	98.62301	866.1252852	3	2	MSMS	0	2	1	1	0	-0.580326881
180323acs_003_HUVEC_P5_50ng_mL_VEGF_1min_1_001-calib	IISNASCTTNCLAPLAK	IISNASC[Common Fixed:Carbamidomethyl on C]TTNC[Common Fixed:Carbamidomethyl on C]LAPLAK	P04406	1832.912455	69.54577	2	917.4635039	174026.6132	69.415515	69.56714333	69.75951167	917.4637105	2	1	MSMS	0	1	1	1	0	0.225479786
180323acs_003_HUVEC_P5_50ng_mL_VEGF_1min_1_001-calib	LISWYDNEFGYSNR	LISWYDNEFGYSNR	P04406	1762.795099		2	882.404826	83212.58009	93.25224667	93.33665833	93.62745667	882.4051356	2	1	MBR	0.017943852	3	1	1	0	0.351274391
180323acs_004_HUVEC_P5_50ng_mL_VEGF_1min_1_002-calib	IISNASCTTNCLAPLAK	IISNASC[Common Fixed:Carbamidomethyl on C]TTNC[Common Fixed:Carbamidomethyl on C]LAPLAK	P04406	1832.912455	69.55684	2	917.4635039	192936.392	69.43142667	69.56289333	69.73079333	917.4653036	2	1	MSMS	0	1	1	1	0	1.963819629
180323acs_004_HUVEC_P5_50ng_mL_VEGF_1min_1_002-calib	LISWYDNEFGYSNR	LISWYDNEFGYSNR	P04406	1762.795099	93.6715	2	882.404826	58596.69086	93.62020167	93.724005	93.87557167	882.4037472	2	1	MSMS	0	1	1	1	0	-1.223980391
180323acs_007_HUVEC_P5_50ng_mL_VEGF_10min_1_001-calib	IISNASCTTNCLAPLAK	IISNASC[Common Fixed:Carbamidomethyl on C]TTNC[Common Fixed:Carbamidomethyl on C]LAPLAK	P04406	1832.912455	69.47715167	2	917.4635039	367699.6555	69.43728	69.56315833	69.793805	917.4633892	2	1	MSMS	0	1	1	1	0	-0.125174433
180323acs_007_HUVEC_P5_50ng_mL_VEGF_10min_1_001-calib	LISWYDNEFGYSNR	LISWYDNEFGYSNR	P04406	1762.795099	94.02937167	2	882.404826	84532.11191	93.88877167	93.98134667	94.10935333	882.4045281	2	1	MSMS	0	1	1	1	0	-0.338042553
180323acs_008_HUVEC_P5_50ng_mL_VEGF_10min_1_002-calib	IISNASCTTNCLAPLAK	IISNASC[Common Fixed:Carbamidomethyl on C]TTNC[Common Fixed:Carbamidomethyl on C]LAPLAK	P04406	1832.912455	70.08696	2	917.4635039	350856.5977	70.002	70.17507333	70.430045	917.4635071	2	1	MSMS	0	1	1	1	0	0.003502638
180323acs_008_HUVEC_P5_50ng_mL_VEGF_10min_1_002-calib	VIHDNFGIVEGLMTTVHAITATQK	VIHDNFGIVEGLMTTVHAITATQK	P04406	2594.352658	98.73205667	3	865.7914958	131577.9803	98.69229	98.71633	98.71633	649.8449417	4	2	MSMS	0	1	1	1	0	-1.876987485
180323acs_008_HUVEC_P5_50ng_mL_VEGF_10min_1_002-calib	LISWYDNEFGYSNR	LISWYDNEFGYSNR	P04406	1762.795099	94.15219333	2	882.404826	71098.44557	94.05792	94.21552	94.38573	882.4051187	2	1	MSMS	0	1	1	1	0	0.332059027
180323acs_001_HUVEC_P5_no_VEGF_control_1_001-calib	LAADEDDDDDDEEDDDEDDDDDDFDDEEAEEKAPVKK	LAADEDDDDDDEEDDDEDDDDDDFDDEEAEEKAPVKK	P06748	4245.543284	62.24373167	4	1062.393097	3828526.379	61.59261167	62.31167333	62.75248	1062.894465	4	2	MSMS	0	1	1	1	0	-0.068680686
180323acs_001_HUVEC_P5_no_VEGF_control_1_001-calib	CGSGPVHISGQHLVAVEEDAESEDEEEEDVK	C[Common Fixed:Carbamidomethyl on C]GSGPVHISGQHLVAVEEDAES[UniProt:Phosphoserine on S]EDEEEEDVK	P06748	3459.429734	71.57300833	3	1154.150521	224148.3622	71.375275	71.52819833	71.77767833	1154.48518	3	2	MSMS	0	1	1	1	0	0.319385805
180323acs_001_HUVEC_P5_no_VEGF_control_1_001-calib	LAADEDDDDDDEEDDDEDDDDDDFDDEEAEEK	LAADEDDDDDDEEDDDEDDDDDDFDDEEAEEK	P06748	3722.195066		3	1241.738965	124040.7425	64.12654167	64.14200833	64.32642667	1242.072508	3	1	MBR	0.013565359	2	1	1	64.369135	-0.627621066
180323acs_001_HUVEC_P5_no_VEGF_control_1_001-calib	VKLAADEDDDDDDEEDDDEDDDDDDFDDEEAEEK	VKLAADEDDDDDDEEDDDEDDDDDDFDDEEAEEK	P06748	3949.358443		3	1317.460091	27389.02351	67.225645	67.32419667	67.32419667	1318.128523	3	1	MBR	0.014107985	1	1	1	0	-0.115889578
180323acs_002_HUVEC_P5_no_VEGF_control_1_002-calib	LAADEDDDDDDEEDDDEDDDDDDFDDEEAEEK	LAADEDDDDDDEEDDDEDDDDDDFDDEEAEEK	P06748	3722.195066		3	1241.738965	8151514.291	64.545145	65.3379	66.52528833	1242.077538	3	1	MBR	0.009866543	1	1	1	0	3.425656422
180323acs_002_HUVEC_P5_no_VEGF_control_1_002-calib	LAADEDDDDDDEEDDDEDDDDDDFDDEEAEEKAPVKK	LAADEDDDDDDEEDDDEDDDDDDFDDEEAEEKAPVKK	P06748	4245.543284		4	1062.393097	3175122.848	61.36410667	62.07817	62.34558167	1062.896018	4	1	MBR	0.052451442	3	1	1	0	1.394494591
180323acs_002_HUVEC_P5_no_VEGF_control_1_002-calib	VKLAADEDDDDDDEEDDDEDDDDDDFDDEEAEEK	VKLAADEDDDDDDEEDDDEDDDDDDFDDEEAEEK	P06748	3949.358443	66.80918333	3	1317.460091	975613.2146	66.48338333	66.71437667	67.53541167	1318.132678	3	1	MSMS	0	1	1	1	0	3.038517201
180323acs_003_HUVEC_P5_50ng_mL_VEGF_1min_1_001-calib	LAADEDDDDDDEEDDDEDDDDDDFDDEEAEEK	LAADEDDDDDDEEDDDEDDDDDDFDDEEAEEK	P06748	3722.195066	65.05399333	3	1241.738965	7640216.75	64.682815	65.47546	66.72676667	1242.072254	3	1	MSMS	0	1	1	1	0	-0.832199365
180323acs_003_HUVEC_P5_50ng_mL_VEGF_1min_1_001-calib	LAADEDDDDDDEEDDDEDDDDDDFDDEEAEEKAPVKK	LAADEDDDDDDEEDDDEDDDDDDFDDEEAEEKAPVKK	P06748	4245.543284	62.34090333	4	1062.393097	2562752.359	61.66221333	62.41601667	62.587185	1062.894005	4	2	MSMS	0	1	1	1	0	-0.501563521
180323acs_003_HUVEC_P5_50ng_mL_VEGF_1min_1_001-calib	VKLAADEDDDDDDEEDDDEDDDDDDFDDEEAEEK	VKLAADEDDDDDDEEDDDEDDDDDDFDDEEAEEK	P06748	3949.358443		3	1317.460091	600031.1042	66.75977167	67.06987167	67.55813333	1318.128621	3	1	MBR	0.039975645	2	1	1	0	-0.041687963
180323acs_003_HUVEC_P5_50ng_mL_VEGF_1min_1_001-calib	TVSLGAGAKDELHIVEAEAMNYEGSPIK	TVSLGAGAKDELHIVEAEAM[Common Variable:Oxidation on M]NYEGS[UniProt:Phosphoserine on S]PIK	P06748	3024.415134		3	1009.145654	32055.75846	95.471815	95.471815	95.63726833	1009.481419	3	1	MBR	0.000576737	1	1	1	0	1.453566998
180323acs_004_HUVEC_P5_50ng_mL_VEGF_1min_1_002-calib	LAADEDDDDDDEEDDDEDDDDDDFDDEEAEEK	LAADEDDDDDDEEDDDEDDDDDDFDDEEAEEK	P06748	3722.195066		3	1241.738965	7612781.591	64.87349667	65.37143333	66.37052333	1242.072809	3	1	MBR	0.020444344	1	1	1	0	-0.385129992
180323acs_004_HUVEC_P5_50ng_mL_VEGF_1min_1_002-calib	LAADEDDDDDDEEDDDEDDDDDDFDDEEAEEKAPVKK	LAADEDDDDDDEEDDDEDDDDDDFDDEEAEEKAPVKK	P06748	4245.543284		4	1062.393097	2184533.878	61.44103	62.22230167	62.450075	1062.894478	4	1	MBR	0.066489715	3	1	1	0	-0.056528018
180323acs_004_HUVEC_P5_50ng_mL_VEGF_1min_1_002-calib	VKLAADEDDDDDDEEDDDEDDDDDDFDDEEAEEK	VKLAADEDDDDDDEEDDDEDDDDDDFDDEEAEEK	P06748	3949.358443		3	1317.460091	588555.3168	66.77379	66.96889	67.59217833	1318.12868	3	1	MBR	0.040018277	2	1	1	0	0.002890047
180323acs_004_HUVEC_P5_50ng_mL_VEGF_1min_1_002-calib	CGSGPVHISGQHLVAVEEDAESEDEEEEDVK	C[Common Fixed:Carbamidomethyl on C]GSGPVHISGQHLVAVEEDAES[UniProt:Phosphoserine on S]EDEEEEDVK	P06748	3459.429734	97.281425	3	1154.150521	251253.6614	88.61552	97.34548167	99.00334333	866.1144526	4	2	MSMS	0	3	1	1	0	-1.127295123
180323acs_004_HUVEC_P5_50ng_mL_VEGF_1min_1_002-calib	TVSLGAGAKDELHIVEAEAMNYEGSPIK	TVSLGAGAKDELHIVEAEAM[Common Variable:Oxidation on M]NYEGS[UniProt:Phosphoserine on S]PIK	P06748	3024.415134		3	1009.145654	25827.18863	96.68346333	96.79141667	96.86326667	1009.478491	3	1	MBR	0.004237647	2	1	1	0	-1.449361154
180323acs_007_HUVEC_P5_50ng_mL_VEGF_10min_1_001-calib	LAADEDDDDDDEEDDDEDDDDDDFDDEEAEEKAPVKK	LAADEDDDDDDEEDDDEDDDDDDFDDEEAEEKAPVKK	P06748	4245.543284	61.96016333	4	1062.393097	1381157.847	61.66204667	62.09797667	62.39145833	1062.89442	4	2	MSMS	0	1	1	1	0	-0.111083321
180323acs_007_HUVEC_P5_50ng_mL_VEGF_10min_1_001-calib	VKLAADEDDDDDDEEDDDEDDDDDDFDDEEAEEK	VKLAADEDDDDDDEEDDDEDDDDDDFDDEEAEEK	P06748	3949.358443		3	1317.460091	546781.007	66.72023333	66.87286333	67.265065	1318.128292	3	1	MBR	0.040153593	2	1	1	0	-0.29184148
180323acs_007_HUVEC_P5_50ng_mL_VEGF_10min_1_001-calib	CGSGPVHISGQHLVAVEEDAESEDEEEEDVK	C[Common Fixed:Carbamidomethyl on C]GSGPVHISGQHLVAVEEDAES[UniProt:Phosphoserine on S]EDEEEEDVK	P06748	3459.429734	107.2562883	3	1154.150521	188734.71	105.40791	107.1912217	107.7172083	1154.486504	3	2	MSMS	0	1	1	1	0	1.467112689
180323acs_007_HUVEC_P5_50ng_mL_VEGF_10min_1_001-calib	LAADEDDDDDDEEDDDEDDDDDDFDDEEAEEK	LAADEDDDDDDEEDDDEDDDDDDFDDEEAEEK	P06748	3722.195066		3	1241.738965	141902.5423	63.10910667	64.00052833	64.19556833	1242.072647	3	1	MBR	0.015344649	2	1	1	64.20931667	-0.515621768
180323acs_007_HUVEC_P5_50ng_mL_VEGF_10min_1_001-calib	CGSGPVHISGQHLVAVEEDAESEDEEEEDVK	C[Common Fixed:Carbamidomethyl on C]GSGPVHISGQHLVAVEEDAES[UniProt:Phosphoserine on S]EDEEEEDVK	P06748	3459.429734	74.29393333	3	1154.150521	136103.2334	74.00593333	74.22844333	74.68629667	1154.483773	3	2	MSMS	0	1	1	1	0	-0.90055938
180323acs_007_HUVEC_P5_50ng_mL_VEGF_10min_1_001-calib	TVSLGAGAKDELHIVEAEAMNYEGSPIK	TVSLGAGAKDELHIVEAEAM[Common Variable:Oxidation on M]NYEGS[UniProt:Phosphoserine on S]PIK	P06748	3024.415134	97.443615	3	1009.145654	124887.1	97.31922833	97.436065	97.58785333	1009.478745	3	2	MSMS	0	1	1	1	0	-1.198131785
180323acs_008_HUVEC_P5_50ng_mL_VEGF_10min_1_002-calib	LAADEDDDDDDEEDDDEDDDDDDFDDEEAEEK	LAADEDDDDDDEEDDDEDDDDDDFDDEEAEEK	P06748	3722.195066		3	1241.738965	7821598.912	65.481155	65.62898667	66.53702	1242.073193	3	1	MBR	0.025353262	2	1	1	0	-0.075780105
180323acs_008_HUVEC_P5_50ng_mL_VEGF_10min_1_002-calib	LAADEDDDDDDEEDDDEDDDDDDFDDEEAEEKAPVKK	LAADEDDDDDDEEDDDEDDDDDDFDDEEAEEKAPVKK	P06748	4245.543284		4	1062.393097	1290245.483	62.041035	62.77501833	63.00713667	1062.894963	4	1	MBR	0.05626168	3	1	1	0	0.400274147
180323acs_008_HUVEC_P5_50ng_mL_VEGF_10min_1_002-calib	VKLAADEDDDDDDEEDDDEDDDDDDFDDEEAEEK	VKLAADEDDDDDDEEDDDEDDDDDDFDDEEAEEK	P06748	3949.358443	67.32117167	3	1317.460091	530513.7237	67.02881667	67.34437	67.87788667	1318.128752	3	1	MSMS	0	1	1	1	0	0.057684284
180323acs_008_HUVEC_P5_50ng_mL_VEGF_10min_1_002-calib	TVSLGAGAKDELHIVEAEAMNYEGSPIK	TVSLGAGAKDELHIVEAEAM[Common Variable:Oxidation on M]NYEGS[UniProt:Phosphoserine on S]PIK	P06748	3024.415134	97.570825	3	1009.145654	165130.9058	97.51400333	97.57832667	97.63441833	1009.477614	3	2	MSMS	0	1	1	1	0	-2.319113522
180323acs_001_HUVEC_P5_no_VEGF_control_1_001-calib	TNQELQEINR	TNQELQEINR	P07355	1243.615678	53.40986	2	622.8151156	293626.0849	53.37154667	53.47935833	53.661485	622.8151774	2	1	MSMS	0	1	1	1	0	0.099487712
180323acs_001_HUVEC_P5_no_VEGF_control_1_001-calib	DIISDTSGDFRK	DIISDTSGDFRK	P07355	1352.657209	70.03022833	2	677.3358808	119267.8399	69.914665	70.08326167	70.23728333	677.336665	2	2	MSMS	0	1	1	1	0	1.159444539
180323acs_001_HUVEC_P5_no_VEGF_control_1_001-calib	RAEDGSVIDYELIDQDAR	RAEDGSVIDYELIDQDAR	P07355	2063.975977		3	688.9992687	53492.3408	82.53516	82.62957833	82.748755	689.3329741	3	1	MBR	0.021659824	1	1	1	0	-0.84431567
180323acs_002_HUVEC_P5_no_VEGF_control_1_002-calib	TNQELQEINR	TNQELQEINR	P07355	1243.615678	53.47882833	2	622.8151156	321253.0466	53.38734833	53.573535	53.72106	622.8151062	2	1	MSMS	0	1	1	1	0	-0.015033224
180323acs_002_HUVEC_P5_no_VEGF_control_1_002-calib	RAEDGSVIDYELIDQDAR	RAEDGSVIDYELIDQDAR	P07355	2063.975977	82.59347667	3	688.9992687	57495.12288	82.48725167	82.585285	82.69194833	689.3333268	3	1	MSMS	0	1	1	1	0	-0.331841438
180323acs_003_HUVEC_P5_50ng_mL_VEGF_1min_1_001-calib	TNQELQEINR	TNQELQEINR	P07355	1243.615678	53.78603667	2	622.8151156	227646.3203	53.73499167	53.87881167	53.999085	622.8148068	2	1	MSMS	0	1	1	1	0	-0.496636185
180323acs_003_HUVEC_P5_50ng_mL_VEGF_1min_1_001-calib	RAEDGSVIDYELIDQDAR	RAEDGSVIDYELIDQDAR	P07355	2063.975977		3	688.9992687	51876.32096	83.34227333	83.46090833	83.55463833	689.3336305	3	1	MBR	0.009105139	1	1	1	0	0.109349875
180323acs_004_HUVEC_P5_50ng_mL_VEGF_1min_1_002-calib	TNQELQEINR	TNQELQEINR	P07355	1243.615678	53.36815833	2	622.8151156	220774.2829	53.31586833	53.46121	53.64058333	622.814844	2	1	MSMS	0	1	1	1	0	-0.436778684
180323acs_004_HUVEC_P5_50ng_mL_VEGF_1min_1_002-calib	RAEDGSVIDYELIDQDAR	RAEDGSVIDYELIDQDAR	P07355	2063.975977		3	688.9992687	51738.55883	83.47615667	83.63195	83.76141833	689.3338161	3	1	MBR	0.010711741	2	1	1	0	0.378953139
180323acs_007_HUVEC_P5_50ng_mL_VEGF_10min_1_001-calib	TNQELQEINR	TNQELQEINR	P07355	1243.615678	53.32922833	2	622.8151156	210567.1959	53.22441167	53.42195833	53.60731	622.8150368	2	1	MSMS	0	1	1	1	0	-0.126617806
180323acs_007_HUVEC_P5_50ng_mL_VEGF_10min_1_001-calib	RAEDGSVIDYELIDQDAR	RAEDGSVIDYELIDQDAR	P07355	2063.975977		3	688.9992687	50244.33618	84.097115	84.1589	84.22501667	689.3322454	3	1	MBR	0.014620268	1	1	1	0	-1.902893581
180323acs_008_HUVEC_P5_50ng_mL_VEGF_10min_1_002-calib	TNQELQEINR	TNQELQEINR	P07355	1243.615678	54.03212	2	622.8151156	208791.9747	53.934905	54.0925	54.33885833	622.8149479	2	1	MSMS	0	1	1	1	0	-0.26972002
180323acs_008_HUVEC_P5_50ng_mL_VEGF_10min_1_002-calib	DIISDTSGDFRK	DIISDTSGDFRK	P07355	1352.657209	71.42292333	2	677.3358808	96372.60792	71.28926333	71.54221667	71.747675	677.335937	2	2	MSMS	0	1	1	1	0	0.083128434
180323acs_008_HUVEC_P5_50ng_mL_VEGF_10min_1_002-calib	RAEDGSVIDYELIDQDAR	RAEDGSVIDYELIDQDAR	P07355	2063.975977	84.59378667	3	688.9992687	51164.86154	84.51617	84.62269	84.729275	689.3339813	3	1	MSMS	0	1	1	1	0	0.619030908
180323acs_001_HUVEC_P5_no_VEGF_control_1_001-calib	DGQVINETSQHHDDLE	DGQVINETSQHHDDLE	P08670	1835.792199	54.67231833	2	918.9033758	11923220.55	54.536035	54.91707833	55.19004833	612.9378821	3	2	MSMS	0	1	1	1	54.52146833	-0.20797805
180323acs_001_HUVEC_P5_no_VEGF_control_1_001-calib	SLYASSPGGVYATR	SLYASS[UniProt:Phosphoserine on S]PGGVYATR	P08670	1507.670824	67.164955	2	754.8426886	2971656.157	66.59203667	67.09621167	67.40263333	754.8421227	2	1	MSMS	0	1	1	1	0	-0.750721138
180323acs_001_HUVEC_P5_no_VEGF_control_1_001-calib	ETNLDSLPLVDTHSK	ETNLDS[UniProt:Phosphoserine on S]LPLVDTHSK	P08670	1747.802961	82.55944667	2	874.9087568	498801.5697	82.44200167	82.86474333	83.085895	583.6079758	3	2	MSMS	0	1	1	1	0	-0.493442948
180323acs_001_HUVEC_P5_no_VEGF_control_1_001-calib	TVETRDGQVINETSQHHDDLE	TVETRDGQVINETSQHHDDLE	P08670	2422.099674		3	808.3738343	344599.3316	56.898295	57.898215	58.38771333	606.7828512	4	2	MBR	0.020382535	1	1	1	0	-0.078651402
180323acs_001_HUVEC_P5_no_VEGF_control_1_001-calib	FADLSEAANR	FADLSEAANR	P08670	1092.519987	60.13047333	2	547.2672699	235147.3763	60.01007833	60.19743333	60.38621667	547.2670722	2	1	MSMS	0	1	1	1	0	-0.361942079
180323acs_002_HUVEC_P5_no_VEGF_control_1_002-calib	DGQVINETSQHHDDLE	DGQVINETSQHHDDLE	P08670	1835.792199	55.36218833	2	918.9033758	12165726.91	54.76979667	55.11854333	55.63744333	612.9376872	3	2	MSMS	0	2	1	1	54.66875167	-0.526467978
180323acs_002_HUVEC_P5_no_VEGF_control_1_002-calib	SLYASSPGGVYATR	SLYASS[UniProt:Phosphoserine on S]PGGVYATR	P08670	1507.670824	67.18200333	2	754.8426886	2802237.541	66.591985	67.09714667	67.40177667	754.8453931	2	2	MSMS	0	1	1	1	0	3.587725288
180323acs_002_HUVEC_P5_no_VEGF_control_1_002-calib	VELQELNDR	VELQELNDR	P08670	1114.561852	61.714885	2	558.2882023	806741.3607	61.69145167	61.84375667	62.07817	558.2888946	2	1	MSMS	0	1	1	1	0	1.242307358
180323acs_002_HUVEC_P5_no_VEGF_control_1_002-calib	DGQVINETSQHHDDLE	DGQVINETSQHHDDLE	P08670	1835.792199	57.249315	2	918.9033758	570782.5843	57.07648	57.25972167	57.460435	612.9374549	3	2	MSMS	0	1	1	1	56.90167	-0.906079113
180323acs_002_HUVEC_P5_no_VEGF_control_1_002-calib	FADLSEAANR	FADLSEAANR	P08670	1092.519987	60.02697833	2	547.2672699	250457.2234	59.94582833	60.14701333	60.37049833	547.2673853	2	1	MSMS	0	1	1	1	0	0.211203605
180323acs_002_HUVEC_P5_no_VEGF_control_1_002-calib	NLQEAEEWYK	NLQEAEEWYK	P08670	1308.598631	75.316265	2	655.306592	90373.1665	75.26004333	75.33546333	75.70825333	655.3056723	2	1	MSMS	0	1	1	1	0	-1.405689306
180323acs_002_HUVEC_P5_no_VEGF_control_1_002-calib	QVQSLTCEVDALK	QVQSLTC[Common Fixed:Carbamidomethyl on C]EVDALK	P08670	1489.744644	78.42318167	2	745.8795984	66751.93129	78.33764333	78.46879	78.65774	745.8799216	2	1	MSMS	0	1	1	1	0	0.433779372
180323acs_002_HUVEC_P5_no_VEGF_control_1_002-calib	TVETRDGQVINETSQHHDDLE	TVETRDGQVINETSQHHDDLE	P08670	2422.099674		3	808.3738343	19008.50881	58.62463167	58.707135	58.77771	606.7831626	4	2	MBR	0.01145995	2	1	1	0	0.435369044
180323acs_003_HUVEC_P5_50ng_mL_VEGF_1min_1_001-calib	DGQVINETSQHHDDLE	DGQVINETSQHHDDLE	P08670	1835.792199	55.56326333	2	918.9033758	8290700.625	55.34262667	55.76131667	56.39655167	612.9377463	3	2	MSMS	0	2	1	1	0	-0.429754748
180323acs_003_HUVEC_P5_50ng_mL_VEGF_1min_1_001-calib	SLYASSPGGVYATR	SLYASS[UniProt:Phosphoserine on S]PGGVYATR	P08670	1507.670824	67.35012833	2	754.8426886	2988975.047	66.75977167	67.324735	67.57417833	754.8428825	2	2	MSMS	0	1	1	1	0	0.257284817
180323acs_003_HUVEC_P5_50ng_mL_VEGF_1min_1_001-calib	QVQSLTCEVDALK	QVQS[UniProt:Phosphoserine on S]LTC[Common Fixed:Carbamidomethyl on C]EVDALK	P08670	1569.710975	84.722935	2	785.8627639	1302574.805	84.607305	84.83188667	85.03784667	785.8626425	2	1	MSMS	0	1	1	1	0	-0.154689611
180323acs_003_HUVEC_P5_50ng_mL_VEGF_1min_1_001-calib	TVETRDGQVINETSQHHDDLE	TVETRDGQVINETSQHHDDLE	P08670	2422.099674		3	808.3738343	459900.5156	58.67742	59.09032667	59.31414833	606.7826899	4	2	MBR	0.024745166	2	1	1	0	-0.345008815
180323acs_003_HUVEC_P5_50ng_mL_VEGF_1min_1_001-calib	TNEKVELQELNDR	TNEKVELQELNDR	P08670	1586.790014	62.08141667	3	529.937281	238871.6198	61.90172333	62.13038833	62.36918333	529.9371077	3	2	MSMS	0	1	1	1	0	-0.32770568
180323acs_003_HUVEC_P5_50ng_mL_VEGF_1min_1_001-calib	LQEEMLQREEAENTLQSFR	LQEEM[Common Variable:Oxidation on M]LQREEAENTLQSFR	P08670	2366.117238		3	789.7130226	82043.08043	81.34713833	81.45731833	81.62876833	790.0485398	3	1	MBR	0.001623287	1	1	1	0	1.573255574
180323acs_003_HUVEC_P5_50ng_mL_VEGF_1min_1_001-calib	QVQSLTCEVDALK	QVQSLTC[Common Fixed:Carbamidomethyl on C]EVDALK	P08670	1489.744644	79.63822	2	745.8795984	79257.2441	79.39058333	79.56565167	79.72932	745.8797249	2	1	MSMS	0	1	1	1	0	0.169705414
180323acs_003_HUVEC_P5_50ng_mL_VEGF_1min_1_001-calib	NLQEAEEWYK	NLQEAEEWYK	P08670	1308.598631	76.39223167	2	655.306592	73259.3584	76.15695167	76.47383167	76.67510833	655.3063383	2	1	MSMS	0	2	1	1	0	-0.387799364
180323acs_004_HUVEC_P5_50ng_mL_VEGF_1min_1_002-calib	SLYASSPGGVYATR	SLYASS[UniProt:Phosphoserine on S]PGGVYATR	P08670	1507.670824	67.23156667	2	754.8426886	2999799.673	66.647645	67.20399	67.49137833	754.8427406	2	2	MSMS	0	1	1	1	0	0.068997367
180323acs_004_HUVEC_P5_50ng_mL_VEGF_1min_1_002-calib	DGQVINETSQHHDDLE	DGQVINETSQHHDDLE	P08670	1835.792199	57.471345	2	918.9033758	607399.8269	57.36916833	57.58267	57.73153333	612.9386882	3	2	MSMS	0	1	1	1	56.98482	1.109414697
180323acs_004_HUVEC_P5_50ng_mL_VEGF_1min_1_002-calib	TVETRDGQVINETSQHHDDLE	TVETRDGQVINETSQHHDDLE	P08670	2422.099674	59.088975	3	808.3738343	411305.8976	58.77804167	59.11274	59.36740667	606.7835253	4	2	MSMS	0	1	1	1	0	1.034206018
180323acs_007_HUVEC_P5_50ng_mL_VEGF_10min_1_001-calib	SLYASSPGGVYATR	SLYASS[UniProt:Phosphoserine on S]PGGVYATR	P08670	1507.670824	67.08177667	2	754.8426886	3196149.109	66.48455667	67.07172667	67.365235	754.842592	2	2	MSMS	0	1	1	1	0	-0.128106864
180323acs_007_HUVEC_P5_50ng_mL_VEGF_10min_1_001-calib	QVQSLTCEVDALK	QVQS[UniProt:Phosphoserine on S]LTC[Common Fixed:Carbamidomethyl on C]EVDALK	P08670	1569.710975	84.630085	2	785.8627639	1376694.033	84.57993667	84.75573833	84.96073667	785.861866	2	1	MSMS	0	1	1	1	0	-1.144094096
180323acs_007_HUVEC_P5_50ng_mL_VEGF_10min_1_001-calib	VELQELNDR	VELQELNDR	P08670	1114.561852	61.83998667	2	558.2882023	762637.9877	61.806635	61.99084167	62.26399	558.2880937	2	1	MSMS	0	1	1	1	0	-0.194863611
180323acs_007_HUVEC_P5_50ng_mL_VEGF_10min_1_001-calib	TVETRDGQVINETSQHHDDLE	TVETRDGQVINETSQHHDDLE	P08670	2422.099674		3	808.3738343	389607.1926	58.977705	59.27383333	59.47289	606.783148	4	2	MBR	0.020984122	2	1	1	0	0.411305942
180323acs_007_HUVEC_P5_50ng_mL_VEGF_10min_1_001-calib	QVQSLTCEVDALK	QVQSLTC[Common Fixed:Carbamidomethyl on C]EVDALK	P08670	1489.744644	80.42311167	2	745.8795984	74013.16962	80.17788833	80.337885	80.541895	745.8801492	2	1	MSMS	0	1	1	1	0	0.73937341
180323acs_007_HUVEC_P5_50ng_mL_VEGF_10min_1_001-calib	LQEEMLQREEAENTLQSFR	LQEEM[Common Variable:Oxidation on M]LQREEAENTLQSFR	P08670	2366.117238		3	789.7130226	49615.55694	82.49901167	82.49901167	82.49901167	790.0456648	3	1	MBR	0.025761193	1	1	1	0	-2.070518071
180323acs_008_HUVEC_P5_50ng_mL_VEGF_10min_1_002-calib	DGQVINETSQHHDDLE	DGQVINETSQHHDDLE	P08670	1835.792199	56.94297667	2	918.9033758	7228723.811	56.299565	56.82920333	57.36232833	612.9381942	3	2	MSMS	0	2	1	1	55.54246833	0.302097451
180323acs_008_HUVEC_P5_50ng_mL_VEGF_10min_1_002-calib	SLYASSPGGVYATR	SLYASS[UniProt:Phosphoserine on S]PGGVYATR|S[UniProt:Phosphoserine on S]LYASSPGGVYATR	P08670	1507.670824	67.53363667	2	754.8426886	2830871.013	66.9443	67.482365	67.79890333	754.8430135	2	1	MSMS	0	2	1	2	0	0.430986582
180323acs_008_HUVEC_P5_50ng_mL_VEGF_10min_1_002-calib	QVQSLTCEVDALK	QVQS[UniProt:Phosphoserine on S]LTC[Common Fixed:Carbamidomethyl on C]EVDALK	P08670	1569.710975	85.00732333	2	785.8627639	1222979.78	84.95679333	85.16807167	85.38755333	785.8632498	2	1	MSMS	0	1	1	1	0	0.619087672
180323acs_008_HUVEC_P5_50ng_mL_VEGF_10min_1_002-calib	ETNLDSLPLVDTHSK	ETNLDS[UniProt:Phosphoserine on S]LPLVDTHSK	P08670	1747.802961	83.77012	2	874.9087568	892360.0671	83.153035	83.60996667	83.90356333	583.6092294	3	2	MSMS	0	1	1	1	0	1.658231484
180323acs_008_HUVEC_P5_50ng_mL_VEGF_10min_1_002-calib	VELQELNDR	VELQELNDR	P08670	1114.561852	62.51511167	2	558.2882023	728742.3622	62.4379	62.65102667	62.87140833	558.2882979	2	1	MSMS	0	1	1	1	0	0.171421286
180323acs_008_HUVEC_P5_50ng_mL_VEGF_10min_1_002-calib	DGQVINETSQHHDDLE	DGQVINETSQHHDDLE	P08670	1835.792199	58.035095	2	918.9033758	667085.0747	57.92331167	58.11685333	58.289345	612.9378406	3	2	MSMS	0	1	1	1	57.661385	-0.275712943
180323acs_008_HUVEC_P5_50ng_mL_VEGF_10min_1_002-calib	TVETRDGQVINETSQHHDDLE	TVETRDGQVINETSQHHDDLE	P08670	2422.099674	59.91911667	3	808.3738343	392742.185	59.63836833	59.930705	60.11649667	606.7829075	4	3	MSMS	0	1	1	1	0	0.014250534
180323acs_008_HUVEC_P5_50ng_mL_VEGF_10min_1_002-calib	LQEEMLQREEAENTLQSFR	LQEEM[Common Variable:Oxidation on M]LQREEAENTLQSFR	P08670	2366.117238	82.84422667	3	789.7130226	89215.64308	82.73693667	82.89806333	82.983055	790.0487008	3	1	MSMS	0	1	1	1	0	1.777305313
180323acs_001_HUVEC_P5_no_VEGF_control_1_001-calib	GAGDGSDEEVDGKADGAEAKPAE	GAGDGS[UniProt:Phosphoserine on S]DEEVDGKADGAEAKPAE	P35579	2253.89106	48.87096667	3	752.3042964	68315457.76	48.13103167	48.556805	49.44005667	752.6378953	3	2	MSMS	0	4	1	1	48.11379333	-0.917322376
180323acs_001_HUVEC_P5_no_VEGF_control_1_001-calib	GAGDGSDEEVDGKADGAEAKPAE	GAGDGS[UniProt:Phosphoserine on S]DEEVDGKADGAEAKPAE	P35579	2253.89106	49.58517333	2	1127.952806	10688140.46	49.49241667	49.664645	50.18811	752.6381072	3	2	MSMS	0	1	1	1	49.4688	-0.635390988
180323acs_001_HUVEC_P5_no_VEGF_control_1_001-calib	DFSALESQLQDTQELLQEENR	DFSALESQLQDTQELLQEENR	P35579	2492.16669	98.58450167	2	1247.090622	3396933.345	98.54785	98.56307833	98.56307833	1247.591577	2	3	MSMS	0	2	1	1	0	-0.38898342
180323acs_001_HUVEC_P5_no_VEGF_control_1_001-calib	GAGDGSDEEVDGKADGAEAK	GAGDGS[UniProt:Phosphoserine on S]DEEVDGKADGAEAK	P35579	1956.758589	43.01915667	2	979.386571	855892.7802	42.962265	43.09008167	43.25795833	653.2599488	3	2	MSMS	0	1	1	1	0	-0.292463383
180323acs_001_HUVEC_P5_no_VEGF_control_1_001-calib	IAQLEEELEEEQGNTELINDR	IAQLEEELEEEQGNTELINDR	P35579	2471.166356	89.083625	2	1236.590455	752452.406	89.03570333	89.20090833	89.41860333	1237.091746	2	2	MSMS	0	2	1	1	0	-0.124417168
180323acs_001_HUVEC_P5_no_VEGF_control_1_001-calib	ELEDATETADAMNR	ELEDATETADAM[Common Variable:Oxidation on M]NR	P35579	1580.66243	50.97417333	2	791.3384917	350539.012	50.92985167	51.053685	51.19131833	791.3384835	2	2	MSMS	0	1	1	1	0	-0.010380604
180323acs_001_HUVEC_P5_no_VEGF_control_1_001-calib	IAQLEEQLDNETK	IAQLEEQLDNETK	P35579	1529.757317	68.16933833	2	765.8859348	260429.5958	68.09045333	68.24055167	68.41502667	765.8853323	2	1	MSMS	0	1	1	1	0	-0.787670757
180323acs_001_HUVEC_P5_no_VEGF_control_1_001-calib	KLEEEQIILEDQNCK	KLEEEQIILEDQNC[Common Fixed:Carbamidomethyl on C]K	P35579	1887.924793	67.74724333	3	630.3155408	218294.595	67.67853	67.89290667	67.89290667	630.3150206	3	2	MSMS	0	1	1	1	0	-0.826700967
180323acs_001_HUVEC_P5_no_VEGF_control_1_001-calib	QAQQERDELADEIANSSGK	QAQQERDELADEIANSS[UniProt:Phosphoserine on S]GK	P35579	2167.938285	63.7108	3	723.6533714	146567.5694	63.65119333	63.77691	63.9097	723.9870531	3	2	MSMS	0	1	1	1	0	-0.813138513
180323acs_001_HUVEC_P5_no_VEGF_control_1_001-calib	MQQNIQELEEQLEEEESAR	M[Common Variable:Oxidation on M]QQNIQELEEQLEEEESAR	P35579	2348.043799	90.10311667	3	783.6885427	123890.6811	89.97222	90.10908167	90.23833333	784.0227957	3	2	MSMS	0	1	1	1	0	-0.03624707
180323acs_001_HUVEC_P5_no_VEGF_control_1_001-calib	IAEFTTNLTEEEEK	IAEFTTNLTEEEEK	P35579	1652.778112		2	827.3963323	85092.88651	73.34119333	73.53518333	73.59928333	827.3951454	2	1	MBR	0.001804165	1	1	1	0	-1.436201761
180323acs_001_HUVEC_P5_no_VEGF_control_1_001-calib	ELEDATETADAMNR	ELEDATETADAMNR	P35579	1564.667516		2	783.3410344	63952.47946	61.080665	61.118995	61.23767833	783.3408098	2	1	MBR	0.02329634	1	1	1	0	-0.287051723
180323acs_001_HUVEC_P5_no_VEGF_control_1_001-calib	NMDPLNDNIATLLHQSSDK	NM[Common Variable:Oxidation on M]DPLNDNIATLLHQSSDK	P35579	2141.005897	90.48785	3	714.6759088	56896.05061	90.38343667	90.53764833	90.726835	715.0101845	3	1	MSMS	0	1	1	1	0	0.00019468
180323acs_001_HUVEC_P5_no_VEGF_control_1_001-calib	EQLEEEEEAK	EQLEEEEEAK	P35579	1232.540842		2	617.2776972	48587.50521	45.93292	46.04391667	46.12317667	617.2774133	2	1	MBR	0.02779038	1	1	1	0	-0.460706287
180323acs_001_HUVEC_P5_no_VEGF_control_1_001-calib	NSFREQLEEEEEAK	NSFREQLEEEEEAK	P35579	1736.785322		2	869.3999376	15085.17255	67.49190833	67.49190833	67.49190833	579.9358433	3	1	MBR	0.010156172	1	1	1	0	0.217747759
180323acs_002_HUVEC_P5_no_VEGF_control_1_002-calib	GAGDGSDEEVDGKADGAEAKPAE	GAGDGS[UniProt:Phosphoserine on S]DEEVDGKADGAEAKPAE	P35579	2253.89106	46.84423	2	1127.952806	2571771.691	46.67724333	47.01228833	47.31354333	752.6380861	3	2	MSMS	0	2	1	1	47.33612667	-0.663417058
180323acs_002_HUVEC_P5_no_VEGF_control_1_002-calib	RQAQQERDELADEIANSSGK	RQAQQERDELADEIANSSGK	P35579	2244.073065	65.65452333	3	749.0316314	2387182.118	65.02735333	65.50427833	66.30908833	562.2780034	4	3	MSMS	0	1	1	1	0	3.152897787
180323acs_002_HUVEC_P5_no_VEGF_control_1_002-calib	DFSALESQLQDTQELLQEENR	DFSALESQLQDTQELLQEENR	P35579	2492.16669	98.65955833	3	831.7295066	1877620.845	98.64503333	98.64503333	98.64503333	1247.593777	2	2	MSMS	0	2	1	1	0	1.375666405
180323acs_002_HUVEC_P5_no_VEGF_control_1_002-calib	GAGDGSDEEVDGKADGAEAK	GAGDGS[UniProt:Phosphoserine on S]DEEVDGKADGAEAK	P35579	1956.758589	42.96040333	2	979.386571	903460.5376	42.89036	43.03131833	43.20594	653.2598573	3	2	MSMS	0	1	1	1	0	-0.432635693
180323acs_002_HUVEC_P5_no_VEGF_control_1_002-calib	IAQLEEELEEEQGNTELINDR	IAQLEEELEEEQGNTELINDR	P35579	2471.166356	89.169785	2	1236.590455	654003.7672	89.06413833	89.22363	89.47295833	1237.096236	2	2	MSMS	0	2	1	1	0	3.508089562
180323acs_002_HUVEC_P5_no_VEGF_control_1_002-calib	RQLEEAEEEAQR	RQLEEAEEEAQR	P35579	1486.701199	49.72875833	2	744.3578758	540564.5729	49.459215	49.68226333	49.86024167	496.5742652	3	2	MSMS	0	2	1	1	0	-0.156430009
180323acs_002_HUVEC_P5_no_VEGF_control_1_002-calib	NSFREQLEEEEEAK	NSFREQLEEEEEAK	P35579	1736.785322	67.80629	2	869.3999376	303631.2693	67.667575	67.81219333	68.01837333	579.9380381	3	2	MSMS	0	1	1	1	0	4.008933127
180323acs_002_HUVEC_P5_no_VEGF_control_1_002-calib	ELEDATETADAMNR	ELEDATETADAM[Common Variable:Oxidation on M]NR	P35579	1580.66243	50.918525	2	791.3384917	288289.8559	50.87671833	50.99120167	51.171305	791.3387126	2	2	MSMS	0	1	1	1	0	0.279543505
180323acs_002_HUVEC_P5_no_VEGF_control_1_002-calib	IAQLEEQLDNETK	IAQLEEQLDNETK	P35579	1529.757317	68.30286333	2	765.8859348	275014.5437	68.20886167	68.36891667	68.57093667	765.8883144	2	1	MSMS	0	1	1	1	0	3.111150259
180323acs_002_HUVEC_P5_no_VEGF_control_1_002-calib	DLEAHIDSANK	DLEAHIDSANK	P35579	1211.57823	53.21980167	2	606.7963915	225858.3733	53.10722	53.35618	53.573535	606.7963038	2	2	MSMS	0	1	1	1	0	-0.144795668
180323acs_002_HUVEC_P5_no_VEGF_control_1_002-calib	KLEEEQIILEDQNCK	KLEEEQIILEDQNC[Common Fixed:Carbamidomethyl on C]K	P35579	1887.924793	68.32702667	3	630.3155408	208872.5312	68.28945667	68.28945667	68.45279667	630.3167656	3	2	MSMS	0	1	1	1	0	1.946147968
180323acs_002_HUVEC_P5_no_VEGF_control_1_002-calib	HSQAVEELAEQLEQTK	HSQAVEELAEQLEQTK	P35579	1838.901021	86.09026667	3	613.9742834	166894.5427	86.01096167	86.15383667	86.38907333	613.9740423	3	2	MSMS	0	1	1	1	0	-0.393380958
180323acs_002_HUVEC_P5_no_VEGF_control_1_002-calib	MQQNIQELEEQLEEEESAR	M[Common Variable:Oxidation on M]QQNIQELEEQLEEEESAR	P35579	2348.043799	90.11525667	3	783.6885427	138279.1964	90.02841333	90.16685167	90.26825833	784.0261653	3	2	MSMS	0	1	1	1	0	4.267032316
180323acs_002_HUVEC_P5_no_VEGF_control_1_002-calib	ELEDATETADAMNR	ELEDATETADAMNR	P35579	1564.667516		2	783.3410344	99267.25203	60.96267167	61.045605	61.10184	783.3418418	2	1	MBR	0.016320308	1	1	1	0	1.032065975
180323acs_002_HUVEC_P5_no_VEGF_control_1_002-calib	IAEFTTNLTEEEEK	IAEFTTNLTEEEEK	P35579	1652.778112	73.35699333	2	827.3963323	87770.85344	73.23190833	73.36315333	73.62131167	827.3954599	2	1	MSMS	0	1	1	1	0	-1.055642932
180323acs_002_HUVEC_P5_no_VEGF_control_1_002-calib	EQLEEEEEAK	EQLEEEEEAK	P35579	1232.540842		2	617.2776972	40932.94367	45.68785167	45.80453333	45.87990833	617.2771872	2	1	MBR	0.028401243	1	1	1	0	-0.827527502
180323acs_003_HUVEC_P5_50ng_mL_VEGF_1min_1_001-calib	GAGDGSDEEVDGKADGAEAKPAE	GAGDGS[UniProt:Phosphoserine on S]DEEVDGKADGAEAKPAE	P35579	2253.89106	49.97873	3	752.3042964	10952300.88	49.63998	49.81736667	51.689915	752.6381075	3	2	MSMS	0	2	1	1	49.61596333	-0.634908997
180323acs_003_HUVEC_P5_50ng_mL_VEGF_1min_1_001-calib	DFSALESQLQDTQELLQEENR	DFSALESQLQDTQELLQEENR	P35579	2492.16669	98.49504667	2	1247.090622	3148985.406	98.48087833	98.48087833	98.51524	1247.591197	2	3	MSMS	0	2	1	1	0	-0.69394695
180323acs_003_HUVEC_P5_50ng_mL_VEGF_1min_1_001-calib	IAQLEEELEEEQGNTELINDR	IAQLEEELEEEQGNTELINDR	P35579	2471.166356	89.5037	2	1236.590455	636161.207	89.457905	89.56405333	90.007305	1237.09191	2	2	MSMS	0	2	1	1	0	0.008372271
180323acs_003_HUVEC_P5_50ng_mL_VEGF_1min_1_001-calib	GAGDGSDEEVDGKADGAEAKPAE	GAGDGS[UniProt:Phosphoserine on S]DEEVDGKADGAEAKPAE	P35579	2253.89106	47.497405	2	1127.952806	511996.7617	47.28210833	47.52796167	47.88753333	752.638516	3	2	MSMS	0	1	1	1	47.25998333	-0.091474087
180323acs_003_HUVEC_P5_50ng_mL_VEGF_1min_1_001-calib	RQLEEAEEEAQR	RQLEEAEEEAQR	P35579	1486.701199	50.25985333	2	744.3578758	498082.7292	50.20192333	50.24260833	50.39678	496.5741099	3	2	MSMS	0	1	1	1	0	-0.46971266
180323acs_003_HUVEC_P5_50ng_mL_VEGF_1min_1_001-calib	HSQAVEELAEQLEQTK	HSQAVEELAEQLEQTK	P35579	1838.901021	87.788365	3	613.9742834	305352.974	87.73844667	87.91946167	88.16866667	613.9742719	3	2	MSMS	0	1	1	1	0	-0.018675338
180323acs_003_HUVEC_P5_50ng_mL_VEGF_1min_1_001-calib	KQELEEICHDLEAR	KQELEEIC[Common Fixed:Carbamidomethyl on C]HDLEAR	P35579	1768.841398	80.38430167	3	590.6210758	228448.8385	80.266275	80.51658833	80.72221	590.621691	3	1	MSMS	0	1	1	1	0	1.043530166
180323acs_003_HUVEC_P5_50ng_mL_VEGF_1min_1_001-calib	NSFREQLEEEEEAK	NSFREQLEEEEEAK	P35579	1736.785322	69.46551	3	579.9357172	213097.8789	69.17601167	69.6168	70.16763333	579.9359323	3	2	MSMS	0	2	1	1	0	0.371447861
180323acs_003_HUVEC_P5_50ng_mL_VEGF_1min_1_001-calib	KLEEEQIILEDQNCK	KLEEEQIILEDQNC[Common Fixed:Carbamidomethyl on C]K	P35579	1887.924793	69.520215	3	630.3155408	193543.3555	69.43117833	69.68283833	69.91933833	630.3157698	3	2	MSMS	0	1	1	1	0	0.363852573
180323acs_003_HUVEC_P5_50ng_mL_VEGF_1min_1_001-calib	DLEAHIDSANK	DLEAHIDSANK	P35579	1211.57823	54.00954833	2	606.7963915	175890.4941	53.73499167	53.999085	54.361785	606.7963782	2	2	MSMS	0	1	1	1	0	-0.021897573
180323acs_003_HUVEC_P5_50ng_mL_VEGF_1min_1_001-calib	MQQNIQELEEQLEEEESAR	M[Common Variable:Oxidation on M]QQNIQELEEQLEEEESAR	P35579	2348.043799	90.35007	3	783.6885427	163739.5475	90.262325	90.38699667	90.537515	784.0228694	3	2	MSMS	0	1	1	1	0	0.057833435
180323acs_003_HUVEC_P5_50ng_mL_VEGF_1min_1_001-calib	ELEDATETADAMNR	ELEDATETADAMNR	P35579	1564.667516		2	783.3410344	106228.9339	61.144255	61.20769	61.26588333	783.3408264	2	1	MBR	0.026474488	1	1	1	0	-0.26587453
180323acs_003_HUVEC_P5_50ng_mL_VEGF_1min_1_001-calib	IAEFTTNLTEEEEK	IAEFTTNLTEEEEK	P35579	1652.778112		2	827.3963323	60768.93284	74.12348833	74.30683333	74.42354167	827.3958642	2	1	MBR	0.011085838	1	1	1	0	-0.566418146
180323acs_003_HUVEC_P5_50ng_mL_VEGF_1min_1_001-calib	EQLEEEEEAK	EQLEEEEEAK	P35579	1232.540842	45.83017	2	617.2776972	24634.00633	45.70237833	45.81216667	45.873005	617.2773198	2	1	MSMS	0	1	1	1	0	-0.612482418
180323acs_004_HUVEC_P5_50ng_mL_VEGF_1min_1_002-calib	GAGDGSDEEVDGKADGAEAKPAE	GAGDGS[UniProt:Phosphoserine on S]DEEVDGKADGAEAKPAE	P35579	2253.89106	49.61598833	2	1127.952806	12188759.04	49.53844333	49.66673333	51.96572333	752.6376534	3	2	MSMS	0	2	1	1	49.50959	-1.239113898
180323acs_004_HUVEC_P5_50ng_mL_VEGF_1min_1_002-calib	DFSALESQLQDTQELLQEENR	DFSALESQLQDTQELLQEENR	P35579	2492.16669	98.63595667	2	1247.090622	6919891.273	98.600025	98.62186833	98.62186833	1247.590554	2	2	MSMS	0	2	1	1	0	-1.209702881
180323acs_004_HUVEC_P5_50ng_mL_VEGF_1min_1_002-calib	IAQLEEELEEEQGNTELINDR	IAQLEEELEEEQGNTELINDR	P35579	2471.166356	89.73690833	2	1236.590455	561577.3484	89.68536667	89.81029833	90.11336833	1237.09252	2	2	MSMS	0	1	1	1	0	0.502069836
180323acs_004_HUVEC_P5_50ng_mL_VEGF_1min_1_002-calib	MQQNIQELEEQLEEEESAR	M[Common Variable:Oxidation on M]QQNIQELEEQLEEEESAR	P35579	2348.043799	90.54012	3	783.6885427	186152.4982	90.49435333	90.62357167	90.74611167	784.0226913	3	2	MSMS	0	1	1	1	0	-0.169617006
180323acs_004_HUVEC_P5_50ng_mL_VEGF_1min_1_002-calib	KLEEEQIILEDQNCK	KLEEEQIILEDQNC[Common Fixed:Carbamidomethyl on C]K	P35579	1887.924793		3	630.3155408	167009.068	69.687945	69.95631	70.23285333	630.3163659	3	1	MBR	0.003606017	1	1	1	0	1.311046359
180323acs_004_HUVEC_P5_50ng_mL_VEGF_1min_1_002-calib	ELEDATETADAMNR	ELEDATETADAMNR	P35579	1564.667516		2	783.3410344	88010.53977	60.95787833	61.06701167	61.14930667	783.3420809	2	1	MBR	0.019418272	1	1	1	0	1.337693322
180323acs_004_HUVEC_P5_50ng_mL_VEGF_1min_1_002-calib	IAEFTTNLTEEEEK	IAEFTTNLTEEEEK	P35579	1652.778112		2	827.3963323	63638.38806	74.07379833	74.22011167	74.383065	827.3963709	2	1	MBR	0.00861365	1	1	1	0	0.046761211
180323acs_004_HUVEC_P5_50ng_mL_VEGF_1min_1_002-calib	ELEDATETADAMNR	ELEDATETADAM[Common Variable:Oxidation on M]NR	P35579	1580.66243		2	791.3384917	27633.44629	50.96749333	50.96749333	50.96749333	791.3408059	2	1	MBR	0.058752193	4	1	1	0	2.928143764
180323acs_004_HUVEC_P5_50ng_mL_VEGF_1min_1_002-calib	EQLEEEEEAK	EQLEEEEEAK	P35579	1232.540842		2	617.2776972	26268.35824	45.57045333	45.70037667	45.770075	617.2772088	2	1	MBR	0.029277687	1	1	1	0	-0.7924713
180323acs_007_HUVEC_P5_50ng_mL_VEGF_10min_1_001-calib	DFSALESQLQDTQELLQEENR	DFSALESQLQDTQELLQEENR	P35579	2492.16669	98.57078333	2	1247.090622	8622871.303	98.53562333	98.56078	98.56078	1247.591059	2	2	MSMS	0	2	1	1	0	-0.804750463
180323acs_007_HUVEC_P5_50ng_mL_VEGF_10min_1_001-calib	GAGDGSDEEVDGKADGAEAKPAE	GAGDGS[UniProt:Phosphoserine on S]DEEVDGKADGAEAKPAE	P35579	2253.89106	46.49732333	3	752.3042964	1757394.362	46.10923833	46.529015	46.91209667	752.6375812	3	2	MSMS	0	2	1	1	46.92764	-1.33517634
180323acs_007_HUVEC_P5_50ng_mL_VEGF_10min_1_001-calib	GAGDGSDEEVDGKADGAEAK	GAGDGS[UniProt:Phosphoserine on S]DEEVDGKADGAEAK	P35579	1956.758589	42.669095	2	979.386571	1008174.885	42.60885	42.76900167	42.95082	653.2595503	3	2	MSMS	0	1	1	1	0	-0.903416696
180323acs_007_HUVEC_P5_50ng_mL_VEGF_10min_1_001-calib	IAQLEEELEEEQGNTELINDR	IAQLEEELEEEQGNTELINDR	P35579	2471.166356	90.0908	2	1236.590455	765521.4028	89.98529667	90.11952333	90.41682167	825.0636327	3	2	MSMS	0	2	1	1	0	-0.071885593
180323acs_007_HUVEC_P5_50ng_mL_VEGF_10min_1_001-calib	GAGDGSDEEVDGKADGAEAKPAE	GAGDGS[UniProt:Phosphoserine on S]DEEVDGKADGAEAKPAE	P35579	2253.89106	47.19458333	2	1127.952806	366844.8735	46.94462167	47.157725	47.64134333	752.6378553	3	2	MSMS	0	1	1	1	46.92764	-0.97044878
180323acs_007_HUVEC_P5_50ng_mL_VEGF_10min_1_001-calib	IAQLEEQLDNETK	IAQLEEQLDNETK	P35579	1529.757317	69.04316667	2	765.8859348	225538.7839	68.773455	68.964555	69.14227833	765.8860014	2	1	MSMS	0	1	1	1	0	0.087114146
180323acs_007_HUVEC_P5_50ng_mL_VEGF_10min_1_001-calib	ELEDATETADAMNR	ELEDATETADAM[Common Variable:Oxidation on M]NR	P35579	1580.66243	50.756375	2	791.3384917	174536.7862	50.70979	50.88298333	50.91501167	791.3398764	2	2	MSMS	0	1	1	1	0	1.752102082
180323acs_007_HUVEC_P5_50ng_mL_VEGF_10min_1_001-calib	MQQNIQELEEQLEEEESAR	M[Common Variable:Oxidation on M]QQNIQELEEQLEEEESAR	P35579	2348.043799	90.83709167	3	783.6885427	162801.9689	90.77736167	90.89512333	90.99868	784.0229297	3	2	MSMS	0	1	1	1	0	0.134810094
180323acs_007_HUVEC_P5_50ng_mL_VEGF_10min_1_001-calib	ELEDATETADAMNR	ELEDATETADAMNR	P35579	1564.667516		2	783.3410344	104345.2272	60.81474833	60.883435	61.01361333	783.341029	2	1	MBR	0.043247394	1	1	1	0	-0.00684073
180323acs_007_HUVEC_P5_50ng_mL_VEGF_10min_1_001-calib	IAEFTTNLTEEEEK	IAEFTTNLTEEEEK	P35579	1652.778112		2	827.3963323	56477.48364	74.37745167	74.56285667	74.74984333	827.3959288	2	1	MBR	0.006851302	1	1	1	0	-0.488199214
180323acs_007_HUVEC_P5_50ng_mL_VEGF_10min_1_001-calib	EQLEEEEEAK	EQLEEEEEAK	P35579	1232.540842		2	617.2776972	25458.88362	45.25213333	45.325705	45.44559667	617.2768519	2	1	MBR	0.019668496	1	1	1	0	-1.371699734
180323acs_008_HUVEC_P5_50ng_mL_VEGF_10min_1_002-calib	GAGDGSDEEVDGKADGAEAKPAE	GAGDGS[UniProt:Phosphoserine on S]DEEVDGKADGAEAKPAE	P35579	2253.89106	49.74412333	3	752.3042964	10497055.09	49.65333833	49.84179667	51.65324167	752.6379424	3	2	MSMS	0	1	1	1	49.62014667	-0.854582004
180323acs_008_HUVEC_P5_50ng_mL_VEGF_10min_1_002-calib	DFSALESQLQDTQELLQEENR	DFSALESQLQDTQELLQEENR	P35579	2492.16669	98.60420833	3	831.7295066	1696531.694	98.57369667	98.61498333	98.61498333	832.0628159	3	2	MSMS	0	2	1	1	0	-1.184373585
180323acs_008_HUVEC_P5_50ng_mL_VEGF_10min_1_002-calib	GAGDGSDEEVDGKADGAEAK	GAGDGS[UniProt:Phosphoserine on S]DEEVDGKADGAEAK	P35579	1956.758589	43.141225	2	979.386571	1129710.111	43.02979833	43.20666333	43.40359833	653.2603819	3	2	MSMS	0	1	1	1	0	0.371646341
180323acs_008_HUVEC_P5_50ng_mL_VEGF_10min_1_002-calib	IAQLEEELEEEQGNTELINDR	IAQLEEELEEEQGNTELINDR	P35579	2471.166356	90.291765	2	1236.590455	673951.2295	90.250425	90.40211333	90.72089	1237.09171	2	2	MSMS	0	2	1	1	0	-0.153304091
180323acs_008_HUVEC_P5_50ng_mL_VEGF_10min_1_002-calib	GAGDGSDEEVDGKADGAEAKPAE	GAGDGS[UniProt:Phosphoserine on S]DEEVDGKADGAEAKPAE	P35579	2253.89106	48.11857667	3	752.3042964	402658.7631	47.654545	47.87261667	48.36544667	752.6391562	3	2	MSMS	0	1	1	1	47.62211167	0.760309456
180323acs_008_HUVEC_P5_50ng_mL_VEGF_10min_1_002-calib	RQLEEAEEEAQR	RQLEEAEEEAQR	P35579	1486.701199	51.229085	2	744.3578758	259156.4359	50.85614333	51.22048667	51.559115	496.5737897	3	2	MSMS	0	2	1	1	0	-1.115981901
180323acs_008_HUVEC_P5_50ng_mL_VEGF_10min_1_002-calib	IAQLEEQLDNETK	IAQLEEQLDNETK	P35579	1529.757317	69.59264667	2	765.8859348	208722.0164	69.37728833	69.51729833	69.74654333	765.8861691	2	1	MSMS	0	1	1	1	0	0.306294584
180323acs_008_HUVEC_P5_50ng_mL_VEGF_10min_1_002-calib	ELEDATETADAMNR	ELEDATETADAM[Common Variable:Oxidation on M]NR	P35579	1580.66243	51.33627167	2	791.3384917	185801.0849	51.264765	51.440885	51.50308	791.3389188	2	2	MSMS	0	1	1	1	0	0.540368269
180323acs_008_HUVEC_P5_50ng_mL_VEGF_10min_1_002-calib	MQQNIQELEEQLEEEESAR	M[Common Variable:Oxidation on M]QQNIQELEEQLEEEESAR	P35579	2348.043799	91.10349833	3	783.6885427	171687.963	90.98907667	91.18490667	91.30301833	784.0226451	3	2	MSMS	0	1	1	1	0	-0.228610173
180323acs_008_HUVEC_P5_50ng_mL_VEGF_10min_1_002-calib	QAQQERDELADEIANSSGK	QAQQERDELADEIANSSGK	P35579	2087.971954	69.12504167	3	696.9979277	142246.9329	68.96042333	69.20646833	69.49450833	697.3321523	3	1	MSMS	0	1	1	1	0	-0.062192371
180323acs_008_HUVEC_P5_50ng_mL_VEGF_10min_1_002-calib	QAQQERDELADEIANSSGK	QAQQERDELADEIANSS[UniProt:Phosphoserine on S]GK	P35579	2167.938285	64.98433	3	723.6533714	114751.3177	64.76555	64.94381333	65.086025	723.9879	3	1	MSMS	0	1	1	1	0	0.358146847
180323acs_008_HUVEC_P5_50ng_mL_VEGF_10min_1_002-calib	ELEDATETADAMNR	ELEDATETADAMNR	P35579	1564.667516	61.47203	2	783.3410344	85936.82893	61.36162333	61.44853167	61.55098167	783.3410794	2	2	MSMS	0	1	1	1	0	0.057515474
180323acs_008_HUVEC_P5_50ng_mL_VEGF_10min_1_002-calib	NKHEAMITDLEER	NKHEAMITDLEER	P35579	1584.756606	73.23035167	3	529.2594783	70504.0027	73.02085333	73.54389833	74.218805	529.2593334	3	1	MSMS	0	1	1	1	0	-0.274321195
180323acs_008_HUVEC_P5_50ng_mL_VEGF_10min_1_002-calib	IAEFTTNLTEEEEK	IAEFTTNLTEEEEK	P35579	1652.778112		2	827.3963323	51048.61704	75.017065	75.13984333	75.377595	827.3963713	2	1	MBR	0.011209021	1	1	1	0	0.047169723
180323acs_008_HUVEC_P5_50ng_mL_VEGF_10min_1_002-calib	EQLEEEEEAK	EQLEEEEEAK	P35579	1232.540842		2	617.2776972	27851.42014	45.91882667	46.02087333	46.107115	617.2779894	2	1	MBR	0.018683349	1	1	1	0	0.474072799
180323acs_001_HUVEC_P5_no_VEGF_control_1_001-calib	FIHQQPQSSSPVYGSSAK	FIHQQPQSSS[UniProt:Phosphoserine on S]PVYGSSAK	P49023	2026.914971	52.95729833	3	676.6456	232427.8484	52.876885	53.06270833	53.37154667	676.9798784	3	2	MSMS	0	1	1	1	0	-0.020458574
180323acs_001_HUVEC_P5_no_VEGF_control_1_001-calib	DGGRSSPGGQDEGGFMAQGK	DGGRSS[UniProt:Phosphoserine on S]PGGQDEGGFM[Common Variable:Oxidation on M]AQGK	P49023	2032.794598		3	678.6054758	214529.6585	48.71275333	48.83422333	49.00988167	678.9397215	3	1	MBR	0.058888744	2	1	1	0	-0.010683091
180323acs_001_HUVEC_P5_no_VEGF_control_1_001-calib	TSSVSNPQDSVGSPCSR	TSSVSNPQDSVGS[UniProt:Phosphoserine on S]PC[Common Fixed:Carbamidomethyl on C]SR	P49023	1843.740772		2	922.8776622	76569.96191	50.20735	50.28671167	50.46589	922.8774107	2	1	MBR	0.080223408	3	1	1	0	-0.272869215
180323acs_001_HUVEC_P5_no_VEGF_control_1_001-calib	VGEEEHVYSFPNK	VGEEEHVY[UniProt:Phosphotyrosine on Y]SFPNK	P49023	1613.676304		2	807.8454282	62551.21277	57.392085	57.77388167	58.28333667	807.8451169	2	2	MBR	0.024345993	1	1	1	0	-0.385892714
180323acs_002_HUVEC_P5_no_VEGF_control_1_002-calib	FIHQQPQSSSPVYGSSAK	FIHQQPQSSS[UniProt:Phosphoserine on S]PVYGSSAK	P49023	2026.914971	53.06625333	3	676.6456	237707.463	52.92549333	53.14550833	53.46417667	676.9795483	3	2	MSMS	0	1	1	1	0	-0.508812379
180323acs_002_HUVEC_P5_no_VEGF_control_1_002-calib	DGGRSSPGGQDEGGFMAQGK	DGGRSS[UniProt:Phosphoserine on S]PGGQDEGGFM[Common Variable:Oxidation on M]AQGK	P49023	2032.794598	48.75612	3	678.6054758	207812.7789	48.70684167	48.80764167	48.94770167	678.9397907	3	2	MSMS	0	1	1	1	0	0.091346891
180323acs_002_HUVEC_P5_no_VEGF_control_1_002-calib	TSSVSNPQDSVGSPCSR	TSSVSNPQDSVGS[UniProt:Phosphoserine on S]PC[Common Fixed:Carbamidomethyl on C]SR	P49023	1843.740772		2	922.8776622	76269.35486	50.09159833	50.302225	50.37024	922.8778777	2	1	MBR	0.062462453	3	1	1	0	0.233704967
180323acs_002_HUVEC_P5_no_VEGF_control_1_002-calib	VGEEEHVYSFPNK	VGEEEHVY[UniProt:Phosphotyrosine on Y]SFPNK	P49023	1613.676304		2	807.8454282	65517.59024	57.54164333	57.754315	58.31136667	538.8990007	3	2	MBR	0.01617705	1	1	1	0	-0.700733157
180323acs_002_HUVEC_P5_no_VEGF_control_1_002-calib	FIHQQPQSSSPVYGSSAK	FIHQQPQSSSPVY[UniProt:Phosphotyrosine on Y]GSSAK	P49023	2026.914971	50.71804833	3	676.6456	60686.84366	50.62163333	50.65527667	50.75024333	676.9802148	3	1	MSMS	0	1	1	1	0	0.477235233
180323acs_003_HUVEC_P5_50ng_mL_VEGF_1min_1_001-calib	DGGRSSPGGQDEGGFMAQGK	DGGRSS[UniProt:Phosphoserine on S]PGGQDEGGFM[Common Variable:Oxidation on M]AQGK	P49023	2032.794598		3	678.6054758	134625.5945	48.735825	48.86426667	49.08755167	678.9395517	3	1	MBR	0.058650907	2	1	1	0	-0.261169484
180323acs_003_HUVEC_P5_50ng_mL_VEGF_1min_1_001-calib	TSSVSNPQDSVGSPCSR	TSSVSNPQDSVGS[UniProt:Phosphoserine on S]PC[Common Fixed:Carbamidomethyl on C]SR	P49023	1843.740772	50.46729	2	922.8776622	84767.65501	50.30600833	50.434225	50.576775	922.8783179	2	1	MSMS	0	1	1	1	0	0.711200913
180323acs_003_HUVEC_P5_50ng_mL_VEGF_1min_1_001-calib	VGEEEHVYSFPNK	VGEEEHVY[UniProt:Phosphotyrosine on Y]SFPNK	P49023	1613.676304		2	807.8454282	66729.39967	57.82054167	58.29811	58.55337333	807.8446855	2	2	MBR	0.015606533	1	1	1	0	-0.920546921
180323acs_003_HUVEC_P5_50ng_mL_VEGF_1min_1_001-calib	FIHQQPQSSSPVYGSSAK	FIHQQPQSSSPVY[UniProt:Phosphotyrosine on Y]GSSAK	P49023	2026.914971	51.013725	3	676.6456	52397.91992	50.91447	50.95093667	51.18648167	676.9794807	3	1	MSMS	0	1	1	1	0	-0.608820205
180323acs_004_HUVEC_P5_50ng_mL_VEGF_1min_1_002-calib	DGGRSSPGGQDEGGFMAQGK	DGGRSS[UniProt:Phosphoserine on S]PGGQDEGGFM[Common Variable:Oxidation on M]AQGK	P49023	2032.794598	49.02993333	3	678.6054758	183192.5752	48.85119333	48.945475	49.04098167	678.9397053	3	1	MSMS	0	1	1	1	0	-0.034678367
180323acs_004_HUVEC_P5_50ng_mL_VEGF_1min_1_002-calib	TSSVSNPQDSVGSPCSR	TSSVSNPQDSVGS[UniProt:Phosphoserine on S]PC[Common Fixed:Carbamidomethyl on C]SR	P49023	1843.740772	50.31486	2	922.8776622	86162.00042	50.12040333	50.26945667	50.32055333	922.876306	2	1	MSMS	0	1	1	1	0	-1.471148205
180323acs_004_HUVEC_P5_50ng_mL_VEGF_1min_1_002-calib	VGEEEHVYSFPNK	VGEEEHVY[UniProt:Phosphotyrosine on Y]SFPNK	P49023	1613.676304	58.088045	2	807.8454282	65262.22872	57.75537833	57.89860667	58.20663833	538.9000671	3	2	MSMS	0	1	1	1	0	1.281729808
180323acs_007_HUVEC_P5_50ng_mL_VEGF_10min_1_001-calib	FIHQQPQSSSPVYGSSAK	FIHQQPQSSS[UniProt:Phosphoserine on S]PVYGSSAK	P49023	2026.914971	52.99206167	3	676.6456	222345.717	52.86877333	53.088415	53.40512833	676.9798709	3	2	MSMS	0	1	1	1	0	-0.03156219
180323acs_007_HUVEC_P5_50ng_mL_VEGF_10min_1_001-calib	DGGRSSPGGQDEGGFMAQGK	DGGRSS[UniProt:Phosphoserine on S]PGGQDEGGFM[Common Variable:Oxidation on M]AQGK	P49023	2032.794598		3	678.6054758	167616.2967	48.47888167	48.594845	48.71919667	678.9396644	3	1	MBR	0.04610589	2	1	1	0	-0.09487687
180323acs_007_HUVEC_P5_50ng_mL_VEGF_10min_1_001-calib	TSSVSNPQDSVGSPCSR	TSSVSNPQDSVGS[UniProt:Phosphoserine on S]PC[Common Fixed:Carbamidomethyl on C]SR	P49023	1843.740772	49.99642	2	922.8776622	97759.55099	49.76424833	49.91679	50.114315	922.8770129	2	1	MSMS	0	1	1	1	0	-0.704310673
180323acs_007_HUVEC_P5_50ng_mL_VEGF_10min_1_001-calib	VGEEEHVYSFPNK	VGEEEHVY[UniProt:Phosphotyrosine on Y]SFPNK	P49023	1613.676304		2	807.8454282	66208.16148	57.73600167	57.98743833	58.46666167	807.8456411	2	2	MBR	0.014706534	1	1	1	0	0.263779373
180323acs_008_HUVEC_P5_50ng_mL_VEGF_10min_1_002-calib	FIHQQPQSSSPVYGSSAK	FIHQQPQSSS[UniProt:Phosphoserine on S]PVYGSSAK	P49023	2026.914971	53.59611833	3	676.6456	237626.041	53.40081833	53.67197333	54.0925	676.9789644	3	2	MSMS	0	1	1	1	0	-1.372565516
180323acs_008_HUVEC_P5_50ng_mL_VEGF_10min_1_002-calib	DGGRSSPGGQDEGGFMAQGK	DGGRSS[UniProt:Phosphoserine on S]PGGQDEGGFM[Common Variable:Oxidation on M]AQGK	P49023	2032.794598		3	678.6054758	200542.3121	49.033465	49.11294167	49.26135167	678.9400794	3	1	MBR	0.043818239	2	1	1	0	0.517245829
180323acs_008_HUVEC_P5_50ng_mL_VEGF_10min_1_002-calib	TSSVSNPQDSVGSPCSR	TSSVSNPQDSVGS[UniProt:Phosphoserine on S]PC[Common Fixed:Carbamidomethyl on C]SR	P49023	1843.740772		2	922.8776622	97062.76814	50.20625667	50.481355	50.60599167	922.8773858	2	1	MBR	0.064225461	3	1	1	0	-0.299865503
180323acs_008_HUVEC_P5_50ng_mL_VEGF_10min_1_002-calib	VGEEEHVYSFPNK	VGEEEHVY[UniProt:Phosphotyrosine on Y]SFPNK	P49023	1613.676304		2	807.8454282	67079.14383	58.22854	58.55681833	58.94420667	807.845426	2	2	MBR	0.01851849	1	1	1	0	-0.00273196
180323acs_001_HUVEC_P5_no_VEGF_control_1_001-calib	TQTPPVSPAPQPTEER	TQT[UniProt:Phosphothreonine on T]PPVS[UniProt:Phosphoserine on S]PAPQPTEER	Q14247	1893.79109		2	947.9028213	299070.0097	51.44582	51.51287833	51.92900833	947.9030457	2	1	MBR	0.024557242	1	1	1	0	0.237012258
180323acs_001_HUVEC_P5_no_VEGF_control_1_001-calib	LPSSPVYEDAASFK	LPSS[UniProt:Phosphoserine on S]PVYEDAASFK	Q14247	1589.701456		2	795.8580043	253274.4737	79.75918333	80.04003167	80.429745	795.8589449	2	1	MBR	0.042366072	2	1	1	0	1.183444791
180323acs_002_HUVEC_P5_no_VEGF_control_1_002-calib	TQTPPVSPAPQPTEER	TQT[UniProt:Phosphothreonine on T]PPVS[UniProt:Phosphoserine on S]PAPQPTEER	Q14247	1893.79109		2	947.9028213	284356.981	51.459425	51.62960667	52.04239	947.9025832	2	1	MBR	0.019946439	1	1	1	0	-0.251483536
180323acs_002_HUVEC_P5_no_VEGF_control_1_002-calib	LPSSPVYEDAASFK	LPSS[UniProt:Phosphoserine on S]PVYEDAASFK	Q14247	1589.701456	79.84721167	2	795.8580043	240423.9922	79.72307167	80.062425	80.34033833	795.8583326	2	1	MSMS	0	1	1	1	0	0.41309848
180323acs_003_HUVEC_P5_50ng_mL_VEGF_1min_1_001-calib	LPSSPVYEDAASFK	LPSS[UniProt:Phosphoserine on S]PVYEDAASFK	Q14247	1589.701456		2	795.8580043	274672.6367	80.122855	80.32448833	80.72221	795.858926	2	1	MBR	0.024743785	2	1	1	0	1.159570486
180323acs_003_HUVEC_P5_50ng_mL_VEGF_1min_1_001-calib	TQTPPVSPAPQPTEER	TQT[UniProt:Phosphothreonine on T]PPVS[UniProt:Phosphoserine on S]PAPQPTEER	Q14247	1893.79109		2	947.9028213	213624.3594	51.61906167	51.73775833	52.21845167	947.9027075	2	1	MBR	0.040111934	1	1	1	0	-0.120192489
180323acs_004_HUVEC_P5_50ng_mL_VEGF_1min_1_002-calib	LPSSPVYEDAASFK	LPSS[UniProt:Phosphoserine on S]PVYEDAASFK	Q14247	1589.701456		2	795.8580043	315649.3687	80.05492167	80.350725	80.63371667	795.8584419	2	1	MBR	0.050332513	2	1	1	0	0.550560234
180323acs_004_HUVEC_P5_50ng_mL_VEGF_1min_1_002-calib	TQTPPVSPAPQPTEER	TQT[UniProt:Phosphothreonine on T]PPVS[UniProt:Phosphoserine on S]PAPQPTEER	Q14247	1893.79109	51.47492667	2	947.9028213	246028.9677	51.466575	51.55077167	51.932365	947.90263	2	1	MSMS	0	1	1	1	0	-0.202006205
180323acs_007_HUVEC_P5_50ng_mL_VEGF_10min_1_001-calib	LPSSPVYEDAASFK	LPSS[UniProt:Phosphoserine on S]PVYEDAASFK	Q14247	1589.701456		2	795.8580043	324025.4067	80.03334667	80.32323	80.63744667	795.8587354	2	1	MBR	0.048775943	2	1	1	0	0.919754027
180323acs_007_HUVEC_P5_50ng_mL_VEGF_10min_1_001-calib	TQTPPVSPAPQPTEER	TQT[UniProt:Phosphothreonine on T]PPVS[UniProt:Phosphoserine on S]PAPQPTEER	Q14247	1893.79109		2	947.9028213	230464.1742	51.25590167	51.364855	51.78196167	947.9026596	2	1	MBR	0.029686752	1	1	1	0	-0.170741943
180323acs_008_HUVEC_P5_50ng_mL_VEGF_10min_1_002-calib	LPSSPVYEDAASFK	LPSS[UniProt:Phosphoserine on S]PVYEDAASFK	Q14247	1589.701456	80.69973	2	795.8580043	295098.1855	80.59814667	80.89105	81.15433667	795.8581849	2	1	MSMS	0	1	1	1	0	0.227286656
180323acs_008_HUVEC_P5_50ng_mL_VEGF_10min_1_002-calib	TQTPPVSPAPQPTEER	TQT[UniProt:Phosphothreonine on T]PPVS[UniProt:Phosphoserine on S]PAPQPTEER	Q14247	1893.79109		2	947.9028213	241389.9523	51.67070167	51.73013	52.25835	947.9026331	2	1	MBR	0.02254703	1	1	1	0	-0.198743335
180323acs_001_HUVEC_P5_no_VEGF_control_1_001-calib	SSSVGSSSSYPISPAVSR	SSS[UniProt:Phosphoserine on S]VGSSSSYPISPAVSR	Q15149	1833.814588	65.748405	2	917.9145704	1313061.254	65.01107333	65.56924	66.33377667	917.9140132	2	1	MSMS	0	1	1	1	0	-0.607671676
180323acs_001_HUVEC_P5_no_VEGF_control_1_001-calib	SSSVGSSSSYPISPAVSR	S[UniProt:Phosphoserine on S]SSVGS[UniProt:Phosphoserine on S]SSSYPISPAVSR	Q15149	1913.780919		2	957.8977359	677268.5566	68.71752333	69.20080333	69.646015	957.8987646	2	1	MBR	0.01360831	1	1	1	0	1.07505369
180323acs_001_HUVEC_P5_no_VEGF_control_1_001-calib	GYYSPYSVSGSGSTAGSR	GYYSPYSVSGSGSTAGS[UniProt:Phosphoserine on S]R	Q15149	1861.751988	65.87715167	2	931.8832703	276587.7125	65.545505	65.96717833	66.10356667	931.8827199	2	1	MSMS	0	1	1	1	0	-0.591262455
180323acs_001_HUVEC_P5_no_VEGF_control_1_001-calib	ELEEVSPETPVVPATTQR	ELEEVS[UniProt:Phosphoserine on S]PETPVVPATTQR	Q15149	2060.966731		2	1031.490642	101524.5269	70.11943167	70.41007	70.55119833	1031.992635	2	1	MBR	0.015331454	1	1	1	0	0.518028187
180323acs_002_HUVEC_P5_no_VEGF_control_1_002-calib	SSSVGSSSSYPISPAVSR	SSS[UniProt:Phosphoserine on S]VGSSSSYPISPAVSR	Q15149	1833.814588		2	917.9145704	1317512.963	64.96657167	65.55018667	66.04940667	917.9177803	2	1	MBR	0.01828459	1	1	1	0	3.500745901
180323acs_002_HUVEC_P5_no_VEGF_control_1_002-calib	SSSVGSSSSYPISPAVSR	S[UniProt:Phosphoserine on S]SSVGS[UniProt:Phosphoserine on S]SSSYPISPAVSR	Q15149	1913.780919	69.565515	2	957.8977359	729630.5653	68.891375	69.44024667	69.81291667	957.9006678	2	1	MSMS	0	1	1	1	0	3.063931838
180323acs_002_HUVEC_P5_no_VEGF_control_1_002-calib	GYYSPYSVSGSGSTAGSR	GYYSPYSVSGSGSTAGS[UniProt:Phosphoserine on S]R	Q15149	1861.751988	65.91401667	2	931.8832703	240199.0843	65.67792167	65.93795	66.20769833	931.8862848	2	1	MSMS	0	1	1	1	0	3.238358356
180323acs_002_HUVEC_P5_no_VEGF_control_1_002-calib	ELEEVSPETPVVPATTQR	ELEEVS[UniProt:Phosphoserine on S]PETPVVPATTQR	Q15149	2060.966731		2	1031.490642	94014.15302	69.96892667	70.254075	70.40558	1031.995644	2	1	MBR	0.015361251	1	1	1	0	3.437185788
180323acs_003_HUVEC_P5_50ng_mL_VEGF_1min_1_001-calib	SSSVGSSSSYPISPAVSR	SSS[UniProt:Phosphoserine on S]VGSSSSYPISPAVSR|SSSVGS[UniProt:Phosphoserine on S]SSSYPISPAVSR	Q15149	1833.814588	65.36606	2	917.9145704	1216641	65.09386833	65.66093	66.437805	917.91423	2	1	MSMS	0	2	1	2	0	-0.371288301
180323acs_003_HUVEC_P5_50ng_mL_VEGF_1min_1_001-calib	SSSVGSSSSYPISPAVSR	SSS[UniProt:Phosphoserine on S]VGS[UniProt:Phosphoserine on S]SSSYPISPAVSR	Q15149	1913.780919		2	957.8977359	481791.8945	69.09183	69.59177167	69.948525	957.8983659	2	1	MBR	0.021315092	1	1	1	0	0.658356849
180323acs_003_HUVEC_P5_50ng_mL_VEGF_1min_1_001-calib	GYYSPYSVSGSGSTAGSR	GYYSPYSVSGSGSTAGS[UniProt:Phosphoserine on S]R	Q15149	1861.751988	66.00134667	2	931.8832703	220565.5	65.79727333	66.10325833	66.27568	931.8827209	2	1	MSMS	0	1	1	1	0	-0.59017642
180323acs_003_HUVEC_P5_50ng_mL_VEGF_1min_1_001-calib	ELEEVSPETPVVPATTQR	ELEEVS[UniProt:Phosphoserine on S]PETPVVPATTQR	Q15149	2060.966731	70.580725	2	1031.490642	82138.16987	70.26165	70.587525	70.717545	1031.992087	2	1	MSMS	0	1	1	1	0	-0.013482248
180323acs_004_HUVEC_P5_50ng_mL_VEGF_1min_1_002-calib	SSSVGSSSSYPISPAVSR	SSS[UniProt:Phosphoserine on S]VGSSSSYPISPAVSR	Q15149	1833.814588		2	917.9145704	1212736.154	65.09684333	65.61554667	66.15864333	917.9145654	2	1	MBR	0.015398517	1	1	1	0	-0.005443962
180323acs_004_HUVEC_P5_50ng_mL_VEGF_1min_1_002-calib	SSSVGSSSSYPISPAVSR	SSS[UniProt:Phosphoserine on S]VGS[UniProt:Phosphoserine on S]SSSYPISPAVSR	Q15149	1913.780919	69.59206	2	957.8977359	521346.3127	69.01784333	69.46946167	69.82681333	957.8994385	2	1	MSMS	0	1	1	1	0	1.77927011
180323acs_004_HUVEC_P5_50ng_mL_VEGF_1min_1_002-calib	GYYSPYSVSGSGSTAGSR	GYYSPYSVSGSGSTAGS[UniProt:Phosphoserine on S]R	Q15149	1861.751988	65.91480167	2	931.8832703	220061.527	65.68535333	65.99797667	66.15864333	931.8832355	2	1	MSMS	0	1	1	1	0	-0.037346915
180323acs_004_HUVEC_P5_50ng_mL_VEGF_1min_1_002-calib	ELEEVSPETPVVPATTQR	ELEEVS[UniProt:Phosphoserine on S]PETPVVPATTQR	Q15149	2060.966731		2	1031.490642	87910.05727	70.15792167	70.37948	70.57741167	1031.993076	2	1	MBR	0.033941793	1	1	1	0	0.94579785
180323acs_007_HUVEC_P5_50ng_mL_VEGF_10min_1_001-calib	SSSVGSSSSYPISPAVSR	SSS[UniProt:Phosphoserine on S]VGSSSSYPISPAVSR	Q15149	1833.814588		2	917.9145704	1099521.86	64.899045	65.32940833	65.98267167	917.913867	2	1	MBR	0.013068312	1	1	1	0	-0.767113218
180323acs_007_HUVEC_P5_50ng_mL_VEGF_10min_1_001-calib	SSSVGSSSSYPISPAVSR	SSS[UniProt:Phosphoserine on S]VGS[UniProt:Phosphoserine on S]SSSYPISPAVSR	Q15149	1913.780919		2	957.8977359	499136.3755	68.68767667	69.14227833	69.43728	957.8979355	2	1	MBR	0.018177776	1	1	1	0	0.208567172
180323acs_007_HUVEC_P5_50ng_mL_VEGF_10min_1_001-calib	GYYSPYSVSGSGSTAGSR	GYYSPYSVSGSGSTAGS[UniProt:Phosphoserine on S]R	Q15149	1861.751988	65.77510667	2	931.8832703	229233.7683	65.67289833	65.85002333	66.01199833	931.8826153	2	1	MSMS	0	1	1	1	0	-0.703601086
180323acs_007_HUVEC_P5_50ng_mL_VEGF_10min_1_001-calib	ELEEVSPETPVVPATTQR	ELEEVS[UniProt:Phosphoserine on S]PETPVVPATTQR	Q15149	2060.966731		2	1031.490642	109801.3765	69.93281833	70.10840833	70.39679	1031.992514	2	1	MBR	0.022341446	1	1	1	0	0.401337347
180323acs_008_HUVEC_P5_50ng_mL_VEGF_10min_1_002-calib	SSSVGSSSSYPISPAVSR	SSS[UniProt:Phosphoserine on S]VGSSSSYPISPAVSR	Q15149	1833.814588		2	917.9145704	1170193.373	65.42933667	65.91005167	66.49063167	917.9151292	2	1	MBR	0.014499428	1	1	1	0	0.609443141
180323acs_008_HUVEC_P5_50ng_mL_VEGF_10min_1_002-calib	SSSVGSSSSYPISPAVSR	SSS[UniProt:Phosphoserine on S]VGS[UniProt:Phosphoserine on S]SSSYPISPAVSR	Q15149	1913.780919		2	957.8977359	468941.7421	69.19314667	69.58479667	69.97521333	957.8978309	2	1	MBR	0.015007827	1	1	1	0	0.099296867
180323acs_008_HUVEC_P5_50ng_mL_VEGF_10min_1_002-calib	GYYSPYSVSGSGSTAGSR	GYYSPYSVSGSGSTAGS[UniProt:Phosphoserine on S]R	Q15149	1861.751988		2	931.8832703	272931.5754	66.13215333	66.29789667	66.448605	931.8833674	2	1	MBR	0.119342797	5	1	1	0	0.104367212
180323acs_008_HUVEC_P5_50ng_mL_VEGF_10min_1_002-calib	ELEEVSPETPVVPATTQR	ELEEVS[UniProt:Phosphoserine on S]PETPVVPATTQR	Q15149	2060.966731		2	1031.490642	110764.4509	70.45356333	70.75153167	70.86007333	1031.993651	2	1	MBR	0.019525923	1	1	1	0	1.503924322
180323acs_001_HUVEC_P5_no_VEGF_control_1_001-calib	VASEEEEVPLVVYLK	VAS[UniProt:Phosphoserine on S]EEEEVPLVVYLK	Q8N3V7;UNDEFINED	1782.869249		2	892.4419011	606594.3878	98.54785	98.56307833	98.56307833	892.4419814	2	1	MBR	0.083529836	2	1	1	0	0.090142415
180323acs_001_HUVEC_P5_no_VEGF_control_1_001-calib	AASPAKPSSLDLVPNLPK	AAS[UniProt:Phosphoserine on S]PAKPSSLDLVPNLPK	Q8N3V7;UNDEFINED	1883.97578	85.21874333	3	628.9992031	602295.6008	84.96157333	85.43836333	85.797305	629.3331751	3	2	MSMS	0	3	1	1	0	-0.529959856
180323acs_001_HUVEC_P5_no_VEGF_control_1_001-calib	DRASPAAAEEVVPEWASCLK	DRAS[UniProt:Phosphoserine on S]PAAAEEVVPEWASC[Common Fixed:Carbamidomethyl on C]LK	Q8N3V7;UNDEFINED	2265.013699	93.64985667	2	1133.514126	533565.7412	93.30758167	93.79679667	94.13242167	756.3460719	3	2	MSMS	0	2	1	1	0	-0.076353199
180323acs_002_HUVEC_P5_no_VEGF_control_1_002-calib	AASPAKPSSLDLVPNLPK	AAS[UniProt:Phosphoserine on S]PAKPSSLDLVPNLPK	Q8N3V7;UNDEFINED	1883.97578	84.965305	3	628.9992031	572816.11	84.75308167	85.30822	85.63641667	629.3332908	3	2	MSMS	0	3	1	1	0	-0.345893851
180323acs_002_HUVEC_P5_no_VEGF_control_1_002-calib	DRASPAAAEEVVPEWASCLK	DRAS[UniProt:Phosphoserine on S]PAAAEEVVPEWASC[Common Fixed:Carbamidomethyl on C]LK	Q8N3V7;UNDEFINED	2265.013699	93.67263167	2	1133.514126	479437.4701	93.17495	93.65845667	93.97514333	756.346015	3	2	MSMS	0	3	1	1	0	-0.151684641
180323acs_002_HUVEC_P5_no_VEGF_control_1_002-calib	VASEEEEVPLVVYLK	VAS[UniProt:Phosphoserine on S]EEEEVPLVVYLK	Q8N3V7;UNDEFINED	1782.869249		2	892.4419011	281405.4725	98.64503333	98.64503333	98.64503333	892.4426818	2	1	MBR	0.065462452	2	1	1	0	0.875806711
180323acs_003_HUVEC_P5_50ng_mL_VEGF_1min_1_001-calib	AASPAKPSSLDLVPNLPK	AAS[UniProt:Phosphoserine on S]PAKPSSLDLVPNLPK	Q8N3V7;UNDEFINED	1883.97578	85.49539667	3	628.9992031	815920.8333	85.37037833	85.85166	86.27682667	629.3332875	3	2	MSMS	0	4	1	1	0	-0.351093938
180323acs_003_HUVEC_P5_50ng_mL_VEGF_1min_1_001-calib	DRASPAAAEEVVPEWASCLK	DRAS[UniProt:Phosphoserine on S]PAAAEEVVPEWASC[Common Fixed:Carbamidomethyl on C]LK	Q8N3V7;UNDEFINED	2265.013699	93.78824333	2	1133.514126	667729.6094	93.27654	93.86330333	94.123285	756.3459815	3	2	MSMS	0	3	1	1	0	-0.19608103
180323acs_003_HUVEC_P5_50ng_mL_VEGF_1min_1_001-calib	VASEEEEVPLVVYLK	VAS[UniProt:Phosphoserine on S]EEEEVPLVVYLK	Q8N3V7;UNDEFINED	1782.869249		2	892.4419011	410498.9355	98.48087833	98.48087833	98.48087833	892.4416485	2	1	MBR	0.092294165	2	1	1	0	-0.283387784
180323acs_004_HUVEC_P5_50ng_mL_VEGF_1min_1_002-calib	AASPAKPSSLDLVPNLPK	AAS[UniProt:Phosphoserine on S]PAKPSSLDLVPNLPK	Q8N3V7;UNDEFINED	1883.97578	86.13772167	3	628.9992031	856970.5086	85.45314833	85.91885833	86.403095	629.3337867	3	2	MSMS	0	4	1	1	0	0.443352641
180323acs_004_HUVEC_P5_50ng_mL_VEGF_1min_1_002-calib	DRASPAAAEEVVPEWASCLK	DRAS[UniProt:Phosphoserine on S]PAAAEEVVPEWASC[Common Fixed:Carbamidomethyl on C]LK	Q8N3V7;UNDEFINED	2265.013699	93.927385	2	1133.514126	735476.3528	93.523485	94.08963167	94.40296	756.3456904	3	2	MSMS	0	3	1	1	0	-0.581411167
180323acs_004_HUVEC_P5_50ng_mL_VEGF_1min_1_002-calib	VASEEEEVPLVVYLK	VAS[UniProt:Phosphoserine on S]EEEEVPLVVYLK	Q8N3V7;UNDEFINED	1782.869249		2	892.4419011	494665.8506	98.600025	98.62186833	98.62186833	892.4412759	2	1	MBR	0.07357359	2	1	1	0	-0.70135458
180323acs_007_HUVEC_P5_50ng_mL_VEGF_10min_1_001-calib	AASPAKPSSLDLVPNLPK	AAS[UniProt:Phosphoserine on S]PAKPSSLDLVPNLPK	Q8N3V7;UNDEFINED	1883.97578	86.33253333	3	628.9992031	776769.4607	85.67323833	86.281415	86.57245333	629.3335343	3	2	MSMS	0	2	1	1	0	0.041736053
180323acs_007_HUVEC_P5_50ng_mL_VEGF_10min_1_001-calib	DRASPAAAEEVVPEWASCLK	DRAS[UniProt:Phosphoserine on S]PAAAEEVVPEWASC[Common Fixed:Carbamidomethyl on C]LK	Q8N3V7;UNDEFINED	2265.013699	94.01728833	2	1133.514126	685607.9547	93.57118667	94.152895	94.42127	756.3456151	3	2	MSMS	0	3	1	1	0	-0.681134855
180323acs_007_HUVEC_P5_50ng_mL_VEGF_10min_1_001-calib	VASEEEEVPLVVYLK	VAS[UniProt:Phosphoserine on S]EEEEVPLVVYLK	Q8N3V7;UNDEFINED	1782.869249	98.58089667	2	892.4419011	545453.9824	98.53562333	98.56078	98.56078	892.4416896	2	1	MSMS	0	1	1	1	0	-0.237297952
180323acs_008_HUVEC_P5_50ng_mL_VEGF_10min_1_002-calib	AASPAKPSSLDLVPNLPK	AAS[UniProt:Phosphoserine on S]PAKPSSLDLVPNLPK	Q8N3V7;UNDEFINED	1883.97578	86.70363	3	628.9992031	853108.7376	86.08751667	86.53297833	86.88808	629.3337182	3	2	MSMS	0	3	1	1	0	0.334411111
180323acs_001_HUVEC_P5_no_VEGF_control_1_001-calib	ATSNVFAMFDQSQIQEFK	AT[UniProt:Phosphothreonine on T]SNVFAM[Common Variable:Oxidation on M]FDQSQIQEFK	O14950|P19105|P24844	2185.939137		2	1093.976845	8450282.525	98.117795	98.226305	98.32741167	1094.478068	2	2	MBR	0.07716675	3	1	1	0	-0.210242942
180323acs_001_HUVEC_P5_no_VEGF_control_1_001-calib	ATSNVFAMFDQSQIQEFK	ATS[UniProt:Phosphoserine on S]NVFAMFDQSQIQEFK|AT[UniProt:Phosphothreonine on T]SNVFAMFDQSQIQEFK	O14950|P19105|P24844	2169.944222	98.65510167	2	1085.979388	7217299.168	98.640975	98.660345	98.660345	1086.480401	2	2	MSMS	0	2	1	2	0	-0.404973689
180323acs_001_HUVEC_P5_no_VEGF_control_1_001-calib	RPQRATSNVFAMFDQSQIQEFK	RPQRAT[UniProt:Phosphothreonine on T]S[UniProt:Phosphoserine on S]NVFAMFDQSQIQEFK	O14950|P19105|P24844	2787.224117		3	930.081982	292635.1743	98.226305	98.25037667	98.27234667	930.4154774	3	1	MBR	0.118434315	4	1	1	0	-0.840113788
180323acs_002_HUVEC_P5_no_VEGF_control_1_002-calib	ATSNVFAMFDQSQIQEFK	AT[UniProt:Phosphothreonine on T]SNVFAM[Common Variable:Oxidation on M]FDQSQIQEFK	O14950|P19105|P24844	2185.939137	98.22923667	2	1093.976845	7466835.731	98.16786667	98.25548667	98.37524833	1094.478619	2	2	MSMS	0	1	1	1	0	0.293102026
180323acs_002_HUVEC_P5_no_VEGF_control_1_002-calib	ATSNVFAMFDQSQIQEFK	ATS[UniProt:Phosphoserine on S]NVFAMFDQSQIQEFK	O14950|P19105|P24844	2169.944222	98.72787333	2	1085.979388	6149619.871	98.69584167	98.71828333	98.71828333	1086.481731	2	2	MSMS	0	1	1	1	0	0.820268898
180323acs_002_HUVEC_P5_no_VEGF_control_1_002-calib	ATSNVFAMFDQSQIQEFK	AT[UniProt:Phosphothreonine on T]S[UniProt:Phosphoserine on S]NVFAMFDQSQIQEFK	O14950|P19105|P24844	2249.910553	98.99745333	2	1125.962553	1349315.832	98.9765	98.9765	98.9765	1126.465247	2	2	MSMS	0	1	1	1	0	1.10433002
180323acs_002_HUVEC_P5_no_VEGF_control_1_002-calib	RPQRATSNVFAMFDQSQIQEFK	RPQRAT[UniProt:Phosphothreonine on T]S[UniProt:Phosphoserine on S]NVFAMFDQSQIQEFK	O14950|P19105|P24844	2787.224117		3	930.081982	304952.5097	98.28851833	98.31230667	98.32795833	930.416739	3	1	MBR	0.141423887	4	1	1	0	0.517274606
180323acs_003_HUVEC_P5_50ng_mL_VEGF_1min_1_001-calib	ATSNVFAMFDQSQIQEFK	AT[UniProt:Phosphothreonine on T]SNVFAMFDQSQIQEFK	O14950|P19105|P24844	2169.944222	98.57350167	2	1085.979388	10091151.66	98.5787	98.5787	98.59860167	1086.48016	2	2	MSMS	0	1	1	1	0	-0.627432051
180323acs_003_HUVEC_P5_50ng_mL_VEGF_1min_1_001-calib	ATSNVFAMFDQSQIQEFK	AT[UniProt:Phosphothreonine on T]SNVFAM[Common Variable:Oxidation on M]FDQSQIQEFK	O14950|P19105|P24844	2185.939137		2	1093.976845	8293451.906	98.05721	98.149675	98.24801667	1094.477371	2	2	MBR	0.108003296	3	1	1	0	-0.847480357
180323acs_003_HUVEC_P5_50ng_mL_VEGF_1min_1_001-calib	ATSNVFAMFDQSQIQEFK	AT[UniProt:Phosphothreonine on T]S[UniProt:Phosphoserine on S]NVFAMFDQSQIQEFK	O14950|P19105|P24844	2249.910553	98.84008333	2	1125.962553	2636907.922	98.83052833	98.83052833	98.86621167	1126.463205	2	2	MSMS	0	2	1	1	0	-0.710612987
180323acs_003_HUVEC_P5_50ng_mL_VEGF_1min_1_001-calib	RPQRATSNVFAMFDQSQIQEFK	RPQRAT[UniProt:Phosphothreonine on T]S[UniProt:Phosphoserine on S]NVFAMFDQSQIQEFK	O14950|P19105|P24844	2787.224117	98.15930333	3	930.081982	1372296.797	98.149675	98.149675	98.20298333	930.4156656	3	2	MSMS	0	1	1	1	0	-0.637628008
180323acs_004_HUVEC_P5_50ng_mL_VEGF_1min_1_002-calib	ATSNVFAMFDQSQIQEFK	ATS[UniProt:Phosphoserine on S]NVFAMFDQSQIQEFK	O14950|P19105|P24844	2169.944222		2	1085.979388	10423211.54	98.69208	98.71224833	98.73802167	1086.479729	2	1	MBR	0.077443668	2	1	1	0	-1.024170341
180323acs_004_HUVEC_P5_50ng_mL_VEGF_1min_1_002-calib	ATSNVFAMFDQSQIQEFK	AT[UniProt:Phosphothreonine on T]SNVFAM[Common Variable:Oxidation on M]FDQSQIQEFK	O14950|P19105|P24844	2185.939137	98.253715	2	1093.976845	9304612.821	98.21967167	98.27878667	98.38734333	1094.476938	2	2	MSMS	0	2	1	1	0	-1.244265477
180323acs_004_HUVEC_P5_50ng_mL_VEGF_1min_1_002-calib	RPQRATSNVFAMFDQSQIQEFK	RPQRAT[UniProt:Phosphothreonine on T]S[UniProt:Phosphoserine on S]NVFAMFDQSQIQEFK	O14950|P19105|P24844	2787.224117	98.28840833	3	930.081982	824513.8956	98.27878667	98.31014333	98.32924833	930.4153147	3	1	MSMS	0	1	1	1	0	-1.015101533
180323acs_007_HUVEC_P5_50ng_mL_VEGF_10min_1_001-calib	ATSNVFAMFDQSQIQEFK	AT[UniProt:Phosphothreonine on T]SNVFAM[Common Variable:Oxidation on M]FDQSQIQEFK	O14950|P19105|P24844	2185.939137	98.15598667	2	1093.976845	6031603.33	98.11607167	98.22092667	98.32372667	1094.477352	2	2	MSMS	0	2	1	1	0	-0.865596867
180323acs_007_HUVEC_P5_50ng_mL_VEGF_10min_1_001-calib	ATSNVFAMFDQSQIQEFK	ATS[UniProt:Phosphoserine on S]NVFAMFDQSQIQEFK	O14950|P19105|P24844	2169.944222		2	1085.979388	3922318.352	98.62746333	98.62746333	98.66462667	1086.480158	2	1	MBR	0.094883903	2	1	1	0	-0.629062892
180323acs_007_HUVEC_P5_50ng_mL_VEGF_10min_1_001-calib	RPQRATSNVFAMFDQSQIQEFK	RPQRAT[UniProt:Phosphothreonine on T]S[UniProt:Phosphoserine on S]NVFAMFDQSQIQEFK	O14950|P19105|P24844	2787.224117	98.23215167	3	930.081982	1109901.741	98.20534	98.22092667	98.265615	930.4157098	3	2	MSMS	0	1	1	1	0	-0.590076557
180323acs_008_HUVEC_P5_50ng_mL_VEGF_10min_1_002-calib	ATSNVFAMFDQSQIQEFK	AT[UniProt:Phosphothreonine on T]SNVFAM[Common Variable:Oxidation on M]FDQSQIQEFK	O14950|P19105|P24844	2185.939137		2	1093.976845	6818784.557	98.188095	98.26274833	98.34593333	1094.476178	2	2	MBR	0.102306762	3	1	1	0	-1.939237071
180323acs_008_HUVEC_P5_50ng_mL_VEGF_10min_1_002-calib	ATSNVFAMFDQSQIQEFK	ATS[UniProt:Phosphoserine on S]NVFAMFDQSQIQEFK	O14950|P19105|P24844	2169.944222	98.7038	2	1085.979388	6743580.395	98.67718167	98.67718167	98.69229	1086.479187	2	2	MSMS	0	1	1	1	0	-1.523159968
180323acs_008_HUVEC_P5_50ng_mL_VEGF_10min_1_002-calib	ATSNVFAMFDQSQIQEFK	AT[UniProt:Phosphothreonine on T]S[UniProt:Phosphoserine on S]NVFAMFDQSQIQEFK	O14950|P19105|P24844	2249.910553	98.967605	2	1125.962553	4234173.877	98.95812	98.95812	98.97774333	1126.461938	2	2	MSMS	0	1	1	1	0	-1.836402505
180323acs_008_HUVEC_P5_50ng_mL_VEGF_10min_1_002-calib	RPQRATSNVFAMFDQSQIQEFK	RPQRAT[UniProt:Phosphothreonine on T]S[UniProt:Phosphoserine on S]NVFAMFDQSQIQEFK	O14950|P19105|P24844	2787.224117	98.27257667	3	930.081982	856053.6047	98.26274833	98.26274833	98.29564667	930.4147667	3	1	MSMS	0	1	1	1	0	-1.604827331
180323acs_001_HUVEC_P5_no_VEGF_control_1_001-calib	IGEGTYGVVYK	IGEGTY[UniProt:Phosphotyrosine on Y]GVVYK	P06493|P24941;UNDEFINED	1264.57407		2	633.2943116	126966.3549	61.89585167	61.97462667	62.04364833	633.2941542	2	1	MBR	0.074972007	3	1	1	0	-0.248929349
180323acs_001_HUVEC_P5_no_VEGF_control_1_001-calib	IGEGTYGVVYK	IGEGT[UniProt:Phosphothreonine on T]Y[UniProt:Phosphotyrosine on Y]GVVYK	P06493|P24941;UNDEFINED	1344.540401		2	673.2774771	104972.2086	64.62071167	64.78036	64.91077167	673.2768873	2	1	MBR	0.031784319	2	1	1	0	-0.877304778
180323acs_003_HUVEC_P5_50ng_mL_VEGF_1min_1_001-calib	IGEGTYGVVYK	IGEGT[UniProt:Phosphothreonine on T]Y[UniProt:Phosphotyrosine on Y]GVVYK	P06493|P24941;UNDEFINED	1344.540401		2	673.2774771	94329.26563	64.86583667	65.01069833	65.150865	673.2770621	2	1	MBR	0.024487632	2	1	1	0	-0.617311644
180323acs_004_HUVEC_P5_50ng_mL_VEGF_1min_1_002-calib	IGEGTYGVVYK	IGEGTY[UniProt:Phosphotyrosine on Y]GVVYK	P06493|P24941;UNDEFINED	1264.57407		2	633.2943116	113925.7076	61.61488167	61.71356167	61.85085	633.2947817	2	1	MBR	0.062789791	3	1	1	0	0.743533123
180323acs_004_HUVEC_P5_50ng_mL_VEGF_1min_1_002-calib	IGEGTYGVVYK	IGEGT[UniProt:Phosphothreonine on T]Y[UniProt:Phosphotyrosine on Y]GVVYK	P06493|P24941;UNDEFINED	1344.540401		2	673.2774771	94796.04292	64.69847667	64.88964167	65.01013833	673.277138	2	1	MBR	0.026186522	2	1	1	0	-0.504466521
180323acs_007_HUVEC_P5_50ng_mL_VEGF_10min_1_001-calib	IGEGTYGVVYK	IGEGTY[UniProt:Phosphotyrosine on Y]GVVYK	P06493|P24941;UNDEFINED	1264.57407	61.50265667	2	633.2943116	133865.9759	61.42623	61.50793	61.607135	633.2942515	2	1	MSMS	0	1	1	1	0	-0.095043134
180323acs_007_HUVEC_P5_50ng_mL_VEGF_10min_1_001-calib	IGEGTYGVVYK	IGEGT[UniProt:Phosphothreonine on T]Y[UniProt:Phosphotyrosine on Y]GVVYK	P06493|P24941;UNDEFINED	1344.540401	64.64144167	2	673.2774771	130513.2067	64.42739833	64.60346167	64.75379833	673.2768594	2	1	MSMS	0	1	1	1	0	-0.918918729
180323acs_008_HUVEC_P5_50ng_mL_VEGF_10min_1_002-calib	IGEGTYGVVYK	IGEGTY[UniProt:Phosphotyrosine on Y]GVVYK	P06493|P24941;UNDEFINED	1264.57407		2	633.2943116	143669.6453	61.92338	62.068885	62.1854	633.2943374	2	1	MBR	0.079369881	3	1	1	0	0.040723789
180323acs_008_HUVEC_P5_50ng_mL_VEGF_10min_1_002-calib	IGEGTYGVVYK	IGEGT[UniProt:Phosphothreonine on T]Y[UniProt:Phosphotyrosine on Y]GVVYK	P06493|P24941;UNDEFINED	1344.540401		2	673.2774771	119183.7983	64.96147	65.14224	65.257965	673.2777347	2	1	MBR	0.027541674	1	1	1	0	0.383143086